This is XeTeX, Version 3.141592653-2.6-0.999998 (TeX Live 2026) (preloaded format=xelatex 2026.8.3)  5 AUG 2026 15:00
entering extended mode
 restricted \write18 enabled.
 %&-line parsing enabled.
**"Ordinary Differential Equations, Dynamical Systems, and Control Theory.tex"
(./Ordinary Differential Equations, Dynamical Systems, and Control Theory.tex
LaTeX2e <2026-06-01>
L3 programming layer <2026-07-20>
(/usr/local/texlive/2026/texmf-dist/tex/latex/base/report.cls
Document Class: report 2025/01/22 v1.4n Standard LaTeX document class
(/usr/local/texlive/2026/texmf-dist/tex/latex/base/size12.clo
File: size12.clo 2025/01/22 v1.4n Standard LaTeX file (size option)
)
\c@part=\count273
\c@chapter=\count274
\c@section=\count275
\c@subsection=\count276
\c@subsubsection=\count277
\c@paragraph=\count278
\c@subparagraph=\count279
\c@figure=\count280
\c@table=\count281
\abovecaptionskip=\skip49
\belowcaptionskip=\skip50
\bibindent=\dimen150
)
(/usr/share/LaTeX-ToolKit/template.tex
(/usr/local/texlive/2026/texmf-dist/tex/latex/geometry/geometry.sty
Package: geometry 2026/03/07 v6.0 Page Geometry

(/usr/local/texlive/2026/texmf-dist/tex/latex/graphics/keyval.sty
Package: keyval 2026-05-17 v1.15 key=value parser (DPC)
\KV@toks@=\toks17
)
(/usr/local/texlive/2026/texmf-dist/tex/generic/iftex/ifvtex.sty
Package: ifvtex 2019/10/25 v1.7 ifvtex legacy package. Use iftex instead.

(/usr/local/texlive/2026/texmf-dist/tex/generic/iftex/iftex.sty
Package: iftex 2024/12/12 v1.0g TeX engine tests
))
\Gm@cnth=\count282
\Gm@cntv=\count283
\c@Gm@tempcnt=\count284
\Gm@bindingoffset=\dimen151
\Gm@wd@mp=\dimen152
\Gm@odd@mp=\dimen153
\Gm@even@mp=\dimen154
\Gm@layoutwidth=\dimen155
\Gm@layoutheight=\dimen156
\Gm@layouthoffset=\dimen157
\Gm@layoutvoffset=\dimen158
\Gm@dimlist=\toks18
)
\c@CJK=\count285
\c@markdown=\count286
\c@Fonts=\count287
\c@CJKFonts=\count288
\c@CJKLanguage=\count289
\c@NotoCJKFamily=\count290
\c@SectionLanguage=\count291
\c@ZhRenew=\count292

(/usr/local/texlive/2026/texmf-dist/tex/latex/fontspec/fontspec.sty
(/usr/local/texlive/2026/texmf-dist/tex/latex/l3packages/xparse/xparse.sty
(/usr/local/texlive/2026/texmf-dist/tex/latex/l3kernel/expl3.sty
Package: expl3 2026-07-20 L3 programming layer (loader) 

(/usr/local/texlive/2026/texmf-dist/tex/latex/l3backend/l3backend-xetex.def
File: l3backend-xetex.def 2026-02-18 L3 backend support: XeTeX
\g__graphics_track_int=\count293
\g__pdfannot_backend_int=\count294
\g__pdfannot_backend_link_int=\count295
))
Package: xparse 2025-10-09 L3 Experimental document command parser
)
Package: fontspec 2025/09/29 v2.9g Font selection for XeLaTeX and LuaLaTeX

(/usr/local/texlive/2026/texmf-dist/tex/latex/fontspec/fontspec-xetex.sty
Package: fontspec-xetex 2025/09/29 v2.9g Font selection for XeLaTeX and LuaLaTe
X
\l__fontspec_script_int=\count296
\l__fontspec_language_int=\count297
\l__fontspec_strnum_int=\count298
\l__fontspec_tmp_int=\count299
\l__fontspec_tmpa_int=\count300
\l__fontspec_tmpb_int=\count301
\l__fontspec_tmpc_int=\count302
\l__fontspec_em_int=\count303
\l__fontspec_emdef_int=\count304
\l__fontspec_strong_int=\count305
\l__fontspec_strongdef_int=\count306
\l__fontspec_tmpa_dim=\dimen159
\l__fontspec_tmpb_dim=\dimen160
\l__fontspec_tmpc_dim=\dimen161

(/usr/local/texlive/2026/texmf-dist/tex/latex/base/fontenc.sty
Package: fontenc 2025/07/18 v2.1d Standard LaTeX package
)
(/usr/local/texlive/2026/texmf-dist/tex/latex/fontspec/fontspec.cfg)))
(/usr/local/texlive/2026/texmf-dist/tex/xelatex/xecjk/xeCJK.sty
Package: xeCJK 2026/07/22 v3.10.4 Typesetting CJK scripts with XeLaTeX

(/usr/local/texlive/2026/texmf-dist/tex/latex/ctex/ctexhook.sty
Package: ctexhook 2026/07/13 v2.6.4 Document and package hooks (CTEX)
)
(/usr/local/texlive/2026/texmf-dist/tex/latex/ctex/ctexpatch.sty
Package: ctexpatch 2026/07/13 v2.6.4 Patching commands (CTEX)
)
(/usr/local/texlive/2026/texmf-dist/tex/latex/l3packages/xtemplate/xtemplate.st
y
Package: xtemplate 2025-10-09 L3 Experimental prototype document functions
)
\l__xeCJK_tmp_int=\count307
\l__xeCJK_tmp_box=\box53
\l__xeCJK_tmp_dim=\dimen162
\l__xeCJK_tmp_skip=\skip51
\g__xeCJK_space_factor_int=\count308
\l__xeCJK_begin_int=\count309
\l__xeCJK_end_int=\count310
\c__xeCJK_CJK_class_int=\XeTeXcharclass1
\c__xeCJK_FullLeft_class_int=\XeTeXcharclass2
\c__xeCJK_FullRight_class_int=\XeTeXcharclass3
\c__xeCJK_HalfLeft_class_int=\XeTeXcharclass4
\c__xeCJK_HalfRight_class_int=\XeTeXcharclass5
\c__xeCJK_NormalSpace_class_int=\XeTeXcharclass6
\c__xeCJK_CM_class_int=\XeTeXcharclass7
\c__xeCJK_HangulJamo_class_int=\XeTeXcharclass8
\c__xeCJK_HangulJamoL_class_int=\XeTeXcharclass9
\c__xeCJK_HangulJamoV_class_int=\XeTeXcharclass10
\c__xeCJK_HangulJamoT_class_int=\XeTeXcharclass11
\c__xeCJK_CJStarter_class_int=\XeTeXcharclass12
\c__xeCJK_PoZheHao_class_int=\XeTeXcharclass13
\l__xeCJK_interword_dim=\dimen163
\l__xeCJK_last_skip=\skip52
\c__xeCJK_none_node=\count311
\g__xeCJK_node_int=\count312
\c__xeCJK_CJK_node_dim=\dimen164
\c__xeCJK_CJK-space_node_dim=\dimen165
\c__xeCJK_default_node_dim=\dimen166
\c__xeCJK_CJK-widow_node_dim=\dimen167
\c__xeCJK_normalspace_node_dim=\dimen168
\c__xeCJK_default-space_node_skip=\skip53
\c__xeCJK_math_node_dim=\dimen169
\c__xeCJK_math-space_node_dim=\dimen170
\c__xeCJK_math-space-frozen_node_dim=\dimen171
\g__xeCJK_boundary_capture_depth_int=\count313
\g__xeCJK_boundary_suspend_depth_int=\count314
\g__xeCJK_boundary_capture_1_box=\box54
\g__xeCJK_boundary_capture_2_box=\box55
\g__xeCJK_boundary_capture_3_box=\box56
\l__xeCJK_boundary_post_box=\box57
\l__xeCJK_boundary_math_skip=\skip54
\l__xeCJK_boundary_math_actual_skip=\skip55
\l__xeCJK_boundary_math_ecglue_skip=\skip56
\l__xeCJK_boundary_math_delta_skip=\skip57
\l__xeCJK_boundary_math_space_dim=\dimen172
\l__xeCJK_boundary_math_ecglue_dim=\dimen173
\l__xeCJK_boundary_math_stretch_dim=\dimen174
\l__xeCJK_boundary_math_shrink_dim=\dimen175
\g__xeCJK_boundary_probe_type_int=\count315
\l__xeCJK_boundary_probe_box=\box58
\l__xeCJK_ccglue_skip=\skip58
\l__xeCJK_ecglue_skip=\skip59
\g__xeCJK_par_guard_dim=\dimen176
\l__xeCJK_punct_kern_skip=\skip60
\l__xeCJK_indent_box=\box59
\l__xeCJK_last_penalty_int=\count316
\l__xeCJK_last_bound_dim=\dimen177
\l__xeCJK_last_kern_dim=\dimen178
\l__xeCJK_widow_penalty_int=\count317

LaTeX template Info: Declaring template type 'xeCJK/punctuation' taking 0
(template)           argument(s) on line 4797.

\l__xeCJK_fixed_punct_width_dim=\dimen179
\l__xeCJK_mixed_punct_width_dim=\dimen180
\l__xeCJK_middle_punct_width_dim=\dimen181
\l__xeCJK_fixed_margin_width_dim=\dimen182
\l__xeCJK_mixed_margin_width_dim=\dimen183
\l__xeCJK_middle_margin_width_dim=\dimen184
\l__xeCJK_bound_punct_width_dim=\dimen185
\l__xeCJK_bound_margin_width_dim=\dimen186
\l__xeCJK_margin_minimum_dim=\dimen187
\l__xeCJK_kerning_total_width_dim=\dimen188
\l__xeCJK_same_align_margin_dim=\dimen189
\l__xeCJK_different_align_margin_dim=\dimen190
\l__xeCJK_kerning_margin_width_dim=\dimen191
\l__xeCJK_kerning_margin_minimum_dim=\dimen192
\l__xeCJK_bound_dim=\dimen193
\l__xeCJK_reverse_bound_dim=\dimen194
\l__xeCJK_margin_dim=\dimen195
\l__xeCJK_minimum_bound_dim=\dimen196
\l__xeCJK_kerning_margin_dim=\dimen197
\g__xeCJK_family_int=\count318
\l__xeCJK_fam_int=\count319
\g__xeCJK_fam_allocation_int=\count320
\l__xeCJK_verb_case_int=\count321
\l__xeCJK_verb_exspace_skip=\skip61
\l__xeCJK_default_char_int=\count322
 (/usr/local/texlive/2026/texmf-dist/tex/xelatex/xecjk/xeCJK.cfg
File: xeCJK.cfg 2026/07/22 v3.10.4 Configuration file for xeCJK package
))
(/usr/local/texlive/2026/texmf-dist/tex/latex/zhnumber/zhnumber.sty
Package: zhnumber 2022/07/14 v3.0 Typesetting numbers with Chinese glyphs
\l__zhnum_scale_int=\count323
\l__zhnum_tmp_int=\count324

(/usr/local/texlive/2026/texmf-dist/tex/latex/zhnumber/zhnumber-utf8.cfg
File: zhnumber-utf8.cfg 2022/07/14 v3.0 Chinese numerals with UTF8 encoding
))
(/usr/local/texlive/2026/texmf-dist/tex/latex/etoolbox/etoolbox.sty
Package: etoolbox 2025/10/02 v2.5m e-TeX tools for LaTeX (JAW)
\etb@tempcnta=\count325
)
(/usr/local/texlive/2026/texmf-dist/tex/latex/base/ifthen.sty
Package: ifthen 2024/03/16 v1.1e Standard LaTeX ifthen package (DPC)
)
(/usr/local/texlive/2026/texmf-dist/tex/latex/xpatch/xpatch.sty
Package: xpatch 2020/03/25 v0.3a Extending etoolbox patching commands
)
(/usr/local/texlive/2026/texmf-dist/tex/generic/xstring/xstring.sty
(/usr/local/texlive/2026/texmf-dist/tex/generic/xstring/xstring.tex
\xs_counta=\count326
\xs_countb=\count327
)
Package: xstring 2023/08/22 v1.86 String manipulations (CT)
)
(/usr/local/texlive/2026/texmf-dist/tex/latex/needspace/needspace.sty
Package: needspace 2025/03/13 v1.3e reserve vertical space
)
(/usr/local/texlive/2026/texmf-dist/tex/latex/parskip/parskip.sty
Package: parskip 2021-03-14 v2.0h non-zero parskip adjustments

(/usr/local/texlive/2026/texmf-dist/tex/latex/kvoptions/kvoptions.sty
Package: kvoptions 2022-06-15 v3.15 Key value format for package options (HO)

(/usr/local/texlive/2026/texmf-dist/tex/generic/ltxcmds/ltxcmds.sty
Package: ltxcmds 2023-12-04 v1.26 LaTeX kernel commands for general use (HO)
)
(/usr/local/texlive/2026/texmf-dist/tex/latex/kvsetkeys/kvsetkeys.sty
Package: kvsetkeys 2022-10-05 v1.19 Key value parser (HO)
)))
(/usr/local/texlive/2026/texmf-dist/tex/latex/setspace/setspace.sty
Package: setspace 2022/12/04 v6.7b set line spacing
)
(/usr/local/texlive/2026/texmf-dist/tex/latex/titlesec/titlesec.sty
Package: titlesec 2025/01/04 v2.17 Sectioning titles
\ttl@box=\box60
\beforetitleunit=\skip62
\aftertitleunit=\skip63
\ttl@plus=\dimen198
\ttl@minus=\dimen199
\ttl@toksa=\toks19
\titlewidth=\dimen256
\titlewidthlast=\dimen257
\titlewidthfirst=\dimen258
)
(/usr/local/texlive/2026/texmf-dist/tex/latex/titling/titling.sty
Package: titling 2009/09/04 v2.1d maketitle typesetting
\thanksmarkwidth=\skip64
\thanksmargin=\skip65
\droptitle=\skip66
)
(/usr/local/texlive/2026/texmf-dist/tex/latex/titlesec/titletoc.sty
Package: titletoc 2025/01/04 v2.17 TOC entries
\ttl@leftsep=\dimen259
)
(/usr/local/texlive/2026/texmf-dist/tex/latex/nowidow/nowidow.sty
Package: nowidow 2011/09/20 1.0 Easily prevent widows and orphans
Package: nowidow 
)
(/usr/local/texlive/2026/texmf-dist/tex/latex/amsmath/amsmath.sty
Package: amsmath 2026/05/19 v2.18d AMS math features
\@mathmargin=\skip67

For additional information on amsmath, use the `?' option.
(/usr/local/texlive/2026/texmf-dist/tex/latex/amsmath/amstext.sty
Package: amstext 2024/11/17 v2.01 AMS text

(/usr/local/texlive/2026/texmf-dist/tex/latex/amsmath/amsgen.sty
File: amsgen.sty 1999/11/30 v2.0 generic functions
\@emptytoks=\toks20
\ex@=\dimen260
))
(/usr/local/texlive/2026/texmf-dist/tex/latex/amsmath/amsbsy.sty
Package: amsbsy 1999/11/29 v1.2d Bold Symbols
\pmbraise@=\dimen261
)
(/usr/local/texlive/2026/texmf-dist/tex/latex/amsmath/amsopn.sty
Package: amsopn 2022/04/08 v2.04 operator names
)
\inf@bad=\count328
LaTeX Info: Redefining \frac on input line 233.
\uproot@=\count329
\leftroot@=\count330
LaTeX Info: Redefining \overline on input line 398.
LaTeX Info: Redefining \colon on input line 409.
\classnum@=\count331
\DOTSCASE@=\count332
LaTeX Info: Redefining \ldots on input line 495.
LaTeX Info: Redefining \dots on input line 498.
LaTeX Info: Redefining \cdots on input line 619.
\Mathstrutbox@=\box61
\strutbox@=\box62
LaTeX Info: Redefining \big on input line 721.
LaTeX Info: Redefining \Big on input line 722.
LaTeX Info: Redefining \bigg on input line 723.
LaTeX Info: Redefining \Bigg on input line 724.
\big@size=\dimen262
LaTeX Font Info:    Redeclaring font encoding OML on input line 742.
LaTeX Font Info:    Redeclaring font encoding OMS on input line 743.
\macc@depth=\count333
LaTeX Info: Redefining \bmod on input line 904.
LaTeX Info: Redefining \pmod on input line 909.
LaTeX Info: Redefining \smash on input line 939.
LaTeX Info: Redefining \relbar on input line 969.
LaTeX Info: Redefining \Relbar on input line 970.
\c@MaxMatrixCols=\count334
\dotsspace@=\muskip17
\c@parentequation=\count335
\dspbrk@lvl=\count336
\tag@help=\toks21
\row@=\count337
\column@=\count338
\maxfields@=\count339
\andhelp@=\toks22
\eqnshift@=\dimen263
\alignsep@=\dimen264
\tagshift@=\dimen265
\tagwidth@=\dimen266
\totwidth@=\dimen267
\lineht@=\dimen268
\@envbody=\toks23
\multlinegap=\skip68
\multlinetaggap=\skip69
\mathdisplay@stack=\toks24
LaTeX Info: Redefining \[ on input line 2965.
LaTeX Info: Redefining \] on input line 2966.
)
(/usr/local/texlive/2026/texmf-dist/tex/latex/amsfonts/amssymb.sty
Package: amssymb 2013/01/14 v3.01 AMS font symbols

(/usr/local/texlive/2026/texmf-dist/tex/latex/amsfonts/amsfonts.sty
Package: amsfonts 2013/01/14 v3.01 Basic AMSFonts support
\symAMSa=\mathgroup4
\symAMSb=\mathgroup5
LaTeX Font Info:    Redeclaring math symbol \hbar on input line 98.
LaTeX Font Info:    Overwriting math alphabet `\mathfrak' in version `bold'
(Font)                  U/euf/m/n --> U/euf/b/n on input line 106.
))
(/usr/local/texlive/2026/texmf-dist/tex/latex/amscls/amsthm.sty
Package: amsthm 2020/05/29 v2.20.6
\thm@style=\toks25
\thm@bodyfont=\toks26
\thm@headfont=\toks27
\thm@notefont=\toks28
\thm@headpunct=\toks29
\thm@preskip=\skip70
\thm@postskip=\skip71
\thm@headsep=\skip72
\dth@everypar=\toks30
)
(/usr/local/texlive/2026/texmf-dist/tex/latex/oberdiek/centernot.sty
Package: centernot 2016/05/16 v1.4 Centers the not symbol horizontally (HO)
)
(/usr/local/texlive/2026/texmf-dist/tex/latex/doublestroke/dsfont.sty
Package: dsfont 1995/08/01 v0.1 Double stroke roman fonts
)
(/usr/local/texlive/2026/texmf-dist/tex/latex/esint/esint.sty
Package: esint 
\symlargesymbolsA=\mathgroup6
)
(/usr/local/texlive/2026/texmf-dist/tex/latex/jknapltx/mathrsfs.sty
Package: mathrsfs 1996/01/01 Math RSFS package v1.0 (jk)
\symrsfs=\mathgroup7
)
(/usr/local/texlive/2026/texmf-dist/tex/latex/mathtools/mathtools.sty
Package: mathtools 2024/10/04 v1.31 mathematical typesetting tools

(/usr/local/texlive/2026/texmf-dist/tex/latex/tools/calc.sty
Package: calc 2025/03/01 v4.3b Infix arithmetic (KKT,FJ)
\calc@Acount=\count340
\calc@Bcount=\count341
\calc@Adimen=\dimen269
\calc@Bdimen=\dimen270
\calc@Askip=\skip73
\calc@Bskip=\skip74
LaTeX Info: Redefining \setlength on input line 86.
LaTeX Info: Redefining \addtolength on input line 87.
\calc@Ccount=\count342
\calc@Cskip=\skip75
)
(/usr/local/texlive/2026/texmf-dist/tex/latex/mathtools/mhsetup.sty
Package: mhsetup 2021/03/18 v1.4 programming setup (MH)
)
\g_MT_multlinerow_int=\count343
\l_MT_multwidth_dim=\dimen271
\origjot=\skip76
\l_MT_shortvdotswithinadjustabove_dim=\dimen272
\l_MT_shortvdotswithinadjustbelow_dim=\dimen273
\l_MT_above_intertext_sep=\dimen274
\l_MT_below_intertext_sep=\dimen275
\l_MT_above_shortintertext_sep=\dimen276
\l_MT_below_shortintertext_sep=\dimen277
\xmathstrut@box=\box63
\xmathstrut@dim=\dimen278
)
(/usr/local/texlive/2026/texmf-dist/tex/latex/metalogo/metalogo.sty
Package: metalogo 2010/05/29 v0.12 Extended TeX logo macros

(/usr/local/texlive/2026/texmf-dist/tex/latex/graphics/graphicx.sty
Package: graphicx 2026-05-17 v1.2e Enhanced LaTeX Graphics (DPC,SPQR)

(/usr/local/texlive/2026/texmf-dist/tex/latex/graphics/graphics.sty
Package: graphics 2026-05-17 v1.4h Standard LaTeX Graphics (DPC,SPQR)

(/usr/local/texlive/2026/texmf-dist/tex/latex/graphics/trig.sty
Package: trig 2023/12/02 v1.11 sin cos tan (DPC)
)
(/usr/local/texlive/2026/texmf-dist/tex/latex/graphics-cfg/graphics.cfg
File: graphics.cfg 2016/06/04 v1.11 sample graphics configuration
)
Package graphics Info: Driver file: xetex.def on input line 106.

(/usr/local/texlive/2026/texmf-dist/tex/latex/graphics-def/xetex.def
File: xetex.def 2025/11/01 v5.0p Graphics/color driver for xetex
))
\Gin@req@height=\dimen279
\Gin@req@width=\dimen280
)
(/usr/local/texlive/2026/texmf-dist/tex/generic/iftex/ifxetex.sty
Package: ifxetex 2019/10/25 v0.7 ifxetex legacy package. Use iftex instead.
)
\xl@everylogo=\toks31
\xl@@everylogo=\toks32
LaTeX Info: Redefining \TeX on input line 193.
LaTeX Info: Redefining \LaTeX on input line 202.
LaTeX Info: Redefining \LaTeXe on input line 219.
)
(/usr/local/texlive/2026/texmf-dist/tex/latex/stmaryrd/stmaryrd.sty
Package: stmaryrd 1994/03/03 St Mary's Road symbol package
\symstmry=\mathgroup8
LaTeX Font Info:    Overwriting symbol font `stmry' in version `bold'
(Font)                  U/stmry/m/n --> U/stmry/b/n on input line 89.
)
(/usr/local/texlive/2026/texmf-dist/tex/latex/tipa/tipa.sty
Package: tipa 2002/08/08 TIPA version 1.1

(/usr/local/texlive/2026/texmf-dist/tex/latex/base/fontenc.sty
Package: fontenc 2025/07/18 v2.1d Standard LaTeX package

(/usr/local/texlive/2026/texmf-dist/tex/latex/tipa/t3enc.def
File: t3enc.def 2001/12/31 T3 encoding
LaTeX Font Info:    Trying to load font information for T3+lmss on input line 3
57.
LaTeX Font Info:    No file T3lmss.fd. on input line 357.
LaTeX Font Info:    Trying to load font information for T3+cmr on input line 35
7.

(/usr/local/texlive/2026/texmf-dist/tex/latex/tipa/t3cmr.fd
File: t3cmr.fd 2001/12/31 TIPA font definitions
)

LaTeX Font Warning: Font shape `T3/lmss/m/n' undefined
(Font)              using `T3/cmr/m/n' instead on input line 357.

))
LaTeX Encoding Info:    Redeclaring text command \textdotbreve (encoding ?) on 
input line 336.
) (/usr/local/texlive/2026/texmf-dist/tex/latex/base/textcomp.sty
Package: textcomp 2024/04/24 v2.1b Standard LaTeX package
)
(/usr/local/texlive/2026/texmf-dist/tex/latex/textgreek/textgreek.sty
Package: textgreek 2011/10/09 v0.7 Greek symbols in text
Package textgreek Info: Loading the definitions for the Greek fontencoding. on 
input line 39.

(/usr/local/texlive/2026/texmf-dist/tex/latex/greek-fontenc/lgrenc.def
File: lgrenc.def 2023-09-12 2.5 LGR Greek font encoding definitions

(/usr/local/texlive/2026/texmf-dist/tex/latex/greek-fontenc/greek-fontenc.def
File: greek-fontenc.def 2023-09-12 2.5 Common Greek font encoding definitions
LaTeX Encoding Info:    Ignoring declaration for text command \accACUTE (encodi
ng LGR) on input line 251.
LaTeX Encoding Info:    Ignoring declaration for text command \accGRAVE (encodi
ng LGR) on input line 259.
LaTeX Encoding Info:    Ignoring declaration for text command \accTILDE (encodi
ng LGR) on input line 267.
))
Package textgreek Info: Loaded fontmap: {eur/*/*}{U/eur/*/*} {phv/*/*}{U/psy/*/
*}. on input line 69.
LaTeX Encoding Info:    Redeclaring text command \textbeta (encoding ?) on inpu
t line 166.
LaTeX Encoding Info:    Redeclaring text command \textgamma (encoding ?) on inp
ut line 167.
LaTeX Encoding Info:    Redeclaring text command \textepsilon (encoding ?) on i
nput line 169.
LaTeX Encoding Info:    Redeclaring text command \texttheta (encoding ?) on inp
ut line 171.
LaTeX Encoding Info:    Redeclaring text command \textiota (encoding ?) on inpu
t line 173.
LaTeX Encoding Info:    Redeclaring text command \textlambda (encoding ?) on in
put line 175.
LaTeX Encoding Info:    Redeclaring text command \textupsilon (encoding ?) on i
nput line 188.
LaTeX Encoding Info:    Redeclaring text command \textphi (encoding ?) on input
 line 188.
LaTeX Encoding Info:    Redeclaring text command \textchi (encoding ?) on input
 line 189.
LaTeX Encoding Info:    Redeclaring text command \textomega (encoding ?) on inp
ut line 192.
) (/usr/local/texlive/2026/texmf-dist/tex/latex/was/upgreek.sty
Package: upgreek 2003/02/12 v2.0 (WaS)
Package upgreek Info: Using Euler Roman for upright Greek on input line 31.
\symugrf@m=\mathgroup9
LaTeX Font Info:    Overwriting symbol font `ugrf@m' in version `bold'
(Font)                  U/eur/m/n --> U/eur/b/n on input line 38.
)
(/usr/local/texlive/2026/texmf-dist/tex/latex/wasysym/wasysym.sty
Package: wasysym 2020/01/19 v2.4 Wasy-2 symbol support package
\symwasy=\mathgroup10
LaTeX Font Info:    Overwriting symbol font `wasy' in version `bold'
(Font)                  U/wasy/m/n --> U/wasy/b/n on input line 93.
LaTeX Font Info:    Redeclaring math symbol \ocircle on input line 243.
)
(/usr/local/texlive/2026/texmf-dist/tex/latex/yfonts/yfonts.sty
Package: yfonts 2019/04/04 v1.4 (WaS&NP)
LaTeX Encoding Info:    Redeclaring text command \" (encoding LYG) on input lin
e 58.
LaTeX Encoding Info:    Text composite with undeclared \" in encoding LYG on in
put line 58.
)
(/usr/local/texlive/2026/texmf-dist/tex/latex/tools/array.sty
Package: array 2026/02/24 v2.7b Tabular extension package (FMi)
\col@sep=\dimen281
\ar@mcellbox=\box64
\extrarowheight=\dimen282
\NC@list=\toks33
\extratabsurround=\skip77
\backup@length=\skip78
\ar@cellbox=\box65
)
(/usr/local/texlive/2026/texmf-dist/tex/latex/booktabs/booktabs.sty
Package: booktabs 2020/01/12 v1.61803398 Publication quality tables
\heavyrulewidth=\dimen283
\lightrulewidth=\dimen284
\cmidrulewidth=\dimen285
\belowrulesep=\dimen286
\belowbottomsep=\dimen287
\aboverulesep=\dimen288
\abovetopsep=\dimen289
\cmidrulesep=\dimen290
\cmidrulekern=\dimen291
\defaultaddspace=\dimen292
\@cmidla=\count344
\@cmidlb=\count345
\@aboverulesep=\dimen293
\@belowrulesep=\dimen294
\@thisruleclass=\count346
\@lastruleclass=\count347
\@thisrulewidth=\dimen295
)
(/usr/local/texlive/2026/texmf-dist/tex/latex/caption/caption.sty
Package: caption 2023/08/05 v3.6o Customizing captions (AR)

(/usr/local/texlive/2026/texmf-dist/tex/latex/caption/caption3.sty
Package: caption3 2023/07/31 v2.4d caption3 kernel (AR)
\caption@tempdima=\dimen296
\captionmargin=\dimen297
\caption@leftmargin=\dimen298
\caption@rightmargin=\dimen299
\caption@width=\dimen300
\caption@indent=\dimen301
\caption@parindent=\dimen302
\caption@hangindent=\dimen303
Package caption Info: Standard document class detected.
)
\c@caption@flags=\count348
\c@continuedfloat=\count349
)
(/usr/local/texlive/2026/texmf-dist/tex/latex/cellspace/cellspace.sty
Package: cellspace 2026/01/24 v1.9.1a Spacing table cells (JN)

(/usr/local/texlive/2026/texmf-dist/tex/latex/xkeyval/xkeyval.sty
Package: xkeyval 2025/11/04 v2.10 package option processing (HA)

(/usr/local/texlive/2026/texmf-dist/tex/generic/xkeyval/xkeyval.tex
(/usr/local/texlive/2026/texmf-dist/tex/generic/xkeyval/xkvutils.tex
\XKV@toks=\toks34
\XKV@tempa@toks=\toks35
\XKV@tempb@toks=\toks36
)
\XKV@depth=\count350
File: xkeyval.tex 2014/12/03 v2.7a key=value parser (HA)
))
\cellspacetoplimit=\dimen304
\cellspacebottomlimit=\dimen305
\cellspace@firstht=\dimen306
\cellspace@lastdp=\dimen307
)
==> First Aid for cellspace.sty no longer applied!
    Expected:
        2022/01/04 v1.9.0 Spacing table cells (JN)
    but found:
        2026/01/24 v1.9.1a Spacing table cells (JN)
    so I'm assuming it got fixed.
(/usr/local/texlive/2026/texmf-dist/tex/latex/colortbl/colortbl.sty
Package: colortbl 2026/05/01 v1.0l Color table columns (DPC)

(/usr/local/texlive/2026/texmf-dist/tex/latex/graphics/color.sty
Package: color 2026-05-17 v1.3f Standard LaTeX Color (DPC)

(/usr/local/texlive/2026/texmf-dist/tex/latex/graphics-cfg/color.cfg
File: color.cfg 2016/01/02 v1.6 sample color configuration
)
Package color Info: Driver file: xetex.def on input line 149.

(/usr/local/texlive/2026/texmf-dist/tex/latex/graphics/mathcolor.ltx))
new hooks used!!
\minrowclearance=\skip79
\rownum=\count351
) (/usr/local/texlive/2026/texmf-dist/tex/latex/diagbox/diagbox.sty
Package: diagbox 2020/02/09 v2.3 Making table heads with diagonal lines

(/usr/local/texlive/2026/texmf-dist/tex/latex/pict2e/pict2e.sty
Package: pict2e 2020/09/30 v0.4b Improved picture commands (HjG,RN,JT)

(/usr/local/texlive/2026/texmf-dist/tex/latex/pict2e/pict2e.cfg
File: pict2e.cfg 2016/02/05 v0.1u pict2e configuration for teTeX/TeXLive
)
Package pict2e Info: Driver file: xetex.def on input line 112.
Package pict2e Info: Driver file for pict2e: p2e-xetex.def on input line 114.

(/usr/local/texlive/2026/texmf-dist/tex/latex/pict2e/p2e-xetex.def
File: p2e-xetex.def 2016/02/05 v0.1u Driver-dependant file (RN,HjG,JT)
)
\pIIe@GRAPH=\toks37
\@arclen=\dimen308
\@arcrad=\dimen309
\pIIe@tempdima=\dimen310
\pIIe@tempdimb=\dimen311
\pIIe@tempdimc=\dimen312
\pIIe@tempdimd=\dimen313
\pIIe@tempdime=\dimen314
\pIIe@tempdimf=\dimen315
)
\diagbox@boxa=\box66
\diagbox@boxb=\box67
\diagbox@boxm=\box68
\diagbox@wd=\dimen316
\diagbox@ht=\dimen317
\diagbox@insepl=\dimen318
\diagbox@insepr=\dimen319
\diagbox@outsepl=\dimen320
\diagbox@outsepr=\dimen321
)
(/usr/local/texlive/2026/texmf-dist/tex/latex/enumitem/enumitem.sty
Package: enumitem 2025/02/06 v3.11 Customized lists
\labelindent=\skip80
\enit@outerparindent=\dimen322
\enit@toks=\toks38
\enit@inbox=\box69
\enit@count@id=\count352
\enitdp@description=\count353
)
(/usr/local/texlive/2026/texmf-dist/tex/latex/float/float.sty
Package: float 2001/11/08 v1.3d Float enhancements (AL)
\c@float@type=\count354
\float@exts=\toks39
\float@box=\box70
\@float@everytoks=\toks40
\@floatcapt=\box71
)
(/usr/local/texlive/2026/texmf-dist/tex/latex/hanging/hanging.sty
Package: hanging 2009/09/02 v1.2b hanging paragraphs and punctuation
\h@ngcommawd=\skip81
\h@ngfstopwd=\skip82
\h@ngquotewd=\skip83
\h@ngdquotewd=\skip84
\h@ngquerywd=\skip85
\h@ngexclwd=\skip86
\h@ngcolonwd=\skip87
\h@ngscolonwd=\skip88
)
(/usr/local/texlive/2026/texmf-dist/tex/latex/tools/longtable.sty
Package: longtable 2026-01-28 v4.27 Multi-page Table package (DPC)
\LTleft=\skip89
\LTright=\skip90
\LTpre=\skip91
\LTpost=\skip92
\LTchunksize=\count355
\LTcapwidth=\dimen323
\LT@head=\box72
\LT@firsthead=\box73
\LT@foot=\box74
\LT@lastfoot=\box75
\LT@gbox=\box76
\LT@cols=\count356
\LT@rows=\count357
\c@LT@tables=\count358
\c@LT@chunks=\count359
\LT@p@ftn=\toks41
)
(/usr/local/texlive/2026/texmf-dist/tex/latex/carlisle/ltxtable.sty
Package: ltxtable 2021/06/13 v0.4 longtable/tabularx merge (DPC)

(/usr/local/texlive/2026/texmf-dist/tex/latex/tools/tabularx.sty
Package: tabularx 2023/12/11 v2.12a `tabularx' package (DPC)
\TX@col@width=\dimen324
\TX@old@table=\dimen325
\TX@old@col=\dimen326
\TX@target=\dimen327
\TX@delta=\dimen328
\TX@cols=\count360
\TX@ftn=\toks42
))
(/usr/local/texlive/2026/texmf-dist/tex/latex/makecell/makecell.sty
Package: makecell 2009/08/03 V0.1e Managing of Tab Column Heads and Cells
\rotheadsize=\dimen329
\c@nlinenum=\count361
\TeXr@lab=\toks43
)
(/usr/local/texlive/2026/texmf-dist/tex/latex/mdframed/mdframed.sty
Package: mdframed 2013/07/01 1.9b: mdframed

(/usr/local/texlive/2026/texmf-dist/tex/latex/zref/zref-abspage.sty
Package: zref-abspage 2026-03-07 v2.37 Module abspage for zref (HO)

(/usr/local/texlive/2026/texmf-dist/tex/latex/zref/zref-base.sty
Package: zref-base 2026-03-07 v2.37 Module base for zref (HO)

(/usr/local/texlive/2026/texmf-dist/tex/generic/infwarerr/infwarerr.sty
Package: infwarerr 2019/12/03 v1.5 Providing info/warning/error messages (HO)
)
(/usr/local/texlive/2026/texmf-dist/tex/generic/kvdefinekeys/kvdefinekeys.sty
Package: kvdefinekeys 2019-12-19 v1.6 Define keys (HO)
)
(/usr/local/texlive/2026/texmf-dist/tex/generic/pdftexcmds/pdftexcmds.sty
Package: pdftexcmds 2020-06-27 v0.33 Utility functions of pdfTeX for LuaTeX (HO
)
Package pdftexcmds Info: \pdf@primitive is available.
Package pdftexcmds Info: \pdf@ifprimitive is available.
Package pdftexcmds Info: \pdfdraftmode not found.
)
(/usr/local/texlive/2026/texmf-dist/tex/generic/etexcmds/etexcmds.sty
Package: etexcmds 2019/12/15 v1.7 Avoid name clashes with e-TeX commands (HO)
)
(/usr/local/texlive/2026/texmf-dist/tex/latex/auxhook/auxhook.sty
Package: auxhook 2019-12-17 v1.6 Hooks for auxiliary files (HO)
)
Package zref Info: New property list: main on input line 767.
Package zref Info: New property: default on input line 768.
Package zref Info: New property: page on input line 769.
)
\c@abspage=\count362
Package zref Info: New property: abspage on input line 67.
)
\mdf@templength=\skip93
\c@mdf@globalstyle@cnt=\count363
\mdf@skipabove@length=\skip94
\mdf@skipbelow@length=\skip95
\mdf@leftmargin@length=\skip96
\mdf@rightmargin@length=\skip97
\mdf@innerleftmargin@length=\skip98
\mdf@innerrightmargin@length=\skip99
\mdf@innertopmargin@length=\skip100
\mdf@innerbottommargin@length=\skip101
\mdf@splittopskip@length=\skip102
\mdf@splitbottomskip@length=\skip103
\mdf@outermargin@length=\skip104
\mdf@innermargin@length=\skip105
\mdf@linewidth@length=\skip106
\mdf@innerlinewidth@length=\skip107
\mdf@middlelinewidth@length=\skip108
\mdf@outerlinewidth@length=\skip109
\mdf@roundcorner@length=\skip110
\mdf@footenotedistance@length=\skip111
\mdf@userdefinedwidth@length=\skip112
\mdf@needspace@length=\skip113
\mdf@frametitleaboveskip@length=\skip114
\mdf@frametitlebelowskip@length=\skip115
\mdf@frametitlerulewidth@length=\skip116
\mdf@frametitleleftmargin@length=\skip117
\mdf@frametitlerightmargin@length=\skip118
\mdf@shadowsize@length=\skip119
\mdf@extratopheight@length=\skip120
\mdf@subtitleabovelinewidth@length=\skip121
\mdf@subtitlebelowlinewidth@length=\skip122
\mdf@subtitleaboveskip@length=\skip123
\mdf@subtitlebelowskip@length=\skip124
\mdf@subtitleinneraboveskip@length=\skip125
\mdf@subtitleinnerbelowskip@length=\skip126
\mdf@subsubtitleabovelinewidth@length=\skip127
\mdf@subsubtitlebelowlinewidth@length=\skip128
\mdf@subsubtitleaboveskip@length=\skip129
\mdf@subsubtitlebelowskip@length=\skip130
\mdf@subsubtitleinneraboveskip@length=\skip131
\mdf@subsubtitleinnerbelowskip@length=\skip132

(/usr/local/texlive/2026/texmf-dist/tex/latex/mdframed/md-frame-0.mdf
File: md-frame-0.mdf 2013/07/01\ 1.9b: md-frame-0
)
\mdf@frametitlebox=\box77
\mdf@footnotebox=\box78
\mdf@splitbox@one=\box79
\mdf@splitbox@two=\box80
\mdf@splitbox@save=\box81
\mdfsplitboxwidth=\skip133
\mdfsplitboxtotalwidth=\skip134
\mdfsplitboxheight=\skip135
\mdfsplitboxdepth=\skip136
\mdfsplitboxtotalheight=\skip137
\mdfframetitleboxwidth=\skip138
\mdfframetitleboxtotalwidth=\skip139
\mdfframetitleboxheight=\skip140
\mdfframetitleboxdepth=\skip141
\mdfframetitleboxtotalheight=\skip142
\mdffootnoteboxwidth=\skip143
\mdffootnoteboxtotalwidth=\skip144
\mdffootnoteboxheight=\skip145
\mdffootnoteboxdepth=\skip146
\mdffootnoteboxtotalheight=\skip147
\mdftotallinewidth=\skip148
\mdfboundingboxwidth=\skip149
\mdfboundingboxtotalwidth=\skip150
\mdfboundingboxheight=\skip151
\mdfboundingboxdepth=\skip152
\mdfboundingboxtotalheight=\skip153
\mdf@freevspace@length=\skip154
\mdf@horizontalwidthofbox@length=\skip155
\mdf@verticalmarginwhole@length=\skip156
\mdf@horizontalspaceofbox=\skip157
\mdfsubtitleheight=\skip158
\mdfsubsubtitleheight=\skip159
\c@mdfcountframes=\count364

****** mdframed patching \endmdf@trivlist

****** -- success******

\mdf@envdepth=\count365
\c@mdf@env@i=\count366
\c@mdf@env@ii=\count367
\c@mdf@zref@counter=\count368
Package zref Info: New property: mdf@pagevalue on input line 895.
)
(/usr/local/texlive/2026/texmf-dist/tex/latex/multirow/multirow.sty
Package: multirow 2024/11/12 v2.9 Span multiple rows of a table
\multirow@colwidth=\skip160
\multirow@cntb=\count369
\multirow@dima=\skip161
\bigstrutjot=\dimen330
)
(/usr/local/texlive/2026/texmf-dist/tex/latex/nicematrix/nicematrix.sty
(/usr/local/texlive/2026/texmf-dist/tex/latex/pgf/basiclayer/pgfcore.sty
(/usr/local/texlive/2026/texmf-dist/tex/latex/pgf/systemlayer/pgfsys.sty
(/usr/local/texlive/2026/texmf-dist/tex/latex/pgf/utilities/pgfrcs.sty
(/usr/local/texlive/2026/texmf-dist/tex/generic/pgf/utilities/pgfutil-common.te
x
\pgfutil@everybye=\toks44
\pgfutil@tempdima=\dimen331
\pgfutil@tempdimb=\dimen332
)
(/usr/local/texlive/2026/texmf-dist/tex/generic/pgf/utilities/pgfutil-latex.def
\pgfutil@abb=\box82
) (/usr/local/texlive/2026/texmf-dist/tex/generic/pgf/utilities/pgfrcs.code.tex
(/usr/local/texlive/2026/texmf-dist/tex/generic/pgf/pgf.revision.tex)
Package: pgfrcs 2026-08-01 v3.1.12 (3.1.12)
))
(/usr/local/texlive/2026/texmf-dist/tex/generic/pgf/systemlayer/pgfsys.code.tex
Package: pgfsys 2026-08-01 v3.1.12 (3.1.12)
(/usr/local/texlive/2026/texmf-dist/tex/generic/pgf/utilities/pgfkeys.code.tex
\pgfkeys@pathtoks=\toks45
\pgfkeys@temptoks=\toks46

(/usr/local/texlive/2026/texmf-dist/tex/generic/pgf/utilities/pgfkeyslibraryfil
tered.code.tex
\pgfkeys@tmptoks=\toks47
))
\pgf@x=\dimen333
\pgf@y=\dimen334
\pgf@xa=\dimen335
\pgf@ya=\dimen336
\pgf@xb=\dimen337
\pgf@yb=\dimen338
\pgf@xc=\dimen339
\pgf@yc=\dimen340
\pgf@xd=\dimen341
\pgf@yd=\dimen342
\w@pgf@writea=\write3
\r@pgf@reada=\read2
\c@pgf@counta=\count370
\c@pgf@countb=\count371
\c@pgf@countc=\count372
\c@pgf@countd=\count373
\t@pgf@toka=\toks48
\t@pgf@tokb=\toks49
\t@pgf@tokc=\toks50
\pgf@sys@id@count=\count374

(/usr/local/texlive/2026/texmf-dist/tex/generic/pgf/systemlayer/pgf.cfg
File: pgf.cfg 2026-08-01 v3.1.12 (3.1.12)
)
Driver file for pgf: pgfsys-xetex.def

(/usr/local/texlive/2026/texmf-dist/tex/generic/pgf/systemlayer/pgfsys-xetex.de
f
File: pgfsys-xetex.def 2026-08-01 v3.1.12 (3.1.12)

(/usr/local/texlive/2026/texmf-dist/tex/generic/pgf/systemlayer/pgfsys-dvipdfmx
.def
File: pgfsys-dvipdfmx.def 2026-08-01 v3.1.12 (3.1.12)

(/usr/local/texlive/2026/texmf-dist/tex/generic/pgf/systemlayer/pgfsys-common-p
df.def
File: pgfsys-common-pdf.def 2026-08-01 v3.1.12 (3.1.12)
)
\pgfsys@objnum=\count375
)))
(/usr/local/texlive/2026/texmf-dist/tex/generic/pgf/systemlayer/pgfsyssoftpath.
code.tex
File: pgfsyssoftpath.code.tex 2026-08-01 v3.1.12 (3.1.12)
\pgfsyssoftpath@smallbuffer@items=\count376
\pgfsyssoftpath@bigbuffer@items=\count377
)
(/usr/local/texlive/2026/texmf-dist/tex/generic/pgf/systemlayer/pgfsysprotocol.
code.tex
File: pgfsysprotocol.code.tex 2026-08-01 v3.1.12 (3.1.12)
)) (/usr/local/texlive/2026/texmf-dist/tex/latex/xcolor/xcolor.sty
Package: xcolor 2024/09/29 v3.02 LaTeX color extensions (UK)

(/usr/local/texlive/2026/texmf-dist/tex/latex/graphics-cfg/color.cfg
File: color.cfg 2016/01/02 v1.6 sample color configuration
)
Package xcolor Info: Driver file: xetex.def on input line 274.
LaTeX Info: Redefining \color on input line 762.

(/usr/local/texlive/2026/texmf-dist/tex/latex/graphics/mathcolor.ltx)
Package xcolor Info: Model `cmy' substituted by `cmy0' on input line 1349.
Package xcolor Info: Model `RGB' extended on input line 1365.
Package xcolor Info: Model `HTML' substituted by `rgb' on input line 1367.
Package xcolor Info: Model `Hsb' substituted by `hsb' on input line 1368.
Package xcolor Info: Model `tHsb' substituted by `hsb' on input line 1369.
Package xcolor Info: Model `HSB' substituted by `hsb' on input line 1370.
Package xcolor Info: Model `Gray' substituted by `gray' on input line 1371.
Package xcolor Info: Model `wave' substituted by `hsb' on input line 1372.
)
(/usr/local/texlive/2026/texmf-dist/tex/generic/pgf/basiclayer/pgfcore.code.tex
Package: pgfcore 2026-08-01 v3.1.12 (3.1.12)
(/usr/local/texlive/2026/texmf-dist/tex/generic/pgf/math/pgfmath.code.tex
(/usr/local/texlive/2026/texmf-dist/tex/generic/pgf/math/pgfmathutil.code.tex)
(/usr/local/texlive/2026/texmf-dist/tex/generic/pgf/math/pgfmathparser.code.tex
\pgfmath@dimen=\dimen343
\pgfmath@count=\count378
\pgfmath@box=\box83
\pgfmath@toks=\toks51
\pgfmath@stack@operand=\toks52
\pgfmath@stack@operation=\toks53
)
(/usr/local/texlive/2026/texmf-dist/tex/generic/pgf/math/pgfmathfunctions.code.
tex)
(/usr/local/texlive/2026/texmf-dist/tex/generic/pgf/math/pgfmathfunctions.basic
.code.tex)
(/usr/local/texlive/2026/texmf-dist/tex/generic/pgf/math/pgfmathfunctions.trigo
nometric.code.tex)
(/usr/local/texlive/2026/texmf-dist/tex/generic/pgf/math/pgfmathfunctions.rando
m.code.tex)
(/usr/local/texlive/2026/texmf-dist/tex/generic/pgf/math/pgfmathfunctions.compa
rison.code.tex)
(/usr/local/texlive/2026/texmf-dist/tex/generic/pgf/math/pgfmathfunctions.base.
code.tex)
(/usr/local/texlive/2026/texmf-dist/tex/generic/pgf/math/pgfmathfunctions.round
.code.tex)
(/usr/local/texlive/2026/texmf-dist/tex/generic/pgf/math/pgfmathfunctions.misc.
code.tex)
(/usr/local/texlive/2026/texmf-dist/tex/generic/pgf/math/pgfmathfunctions.integ
erarithmetics.code.tex)
(/usr/local/texlive/2026/texmf-dist/tex/generic/pgf/math/pgfmathcalc.code.tex)
(/usr/local/texlive/2026/texmf-dist/tex/generic/pgf/math/pgfmathfloat.code.tex
\c@pgfmathroundto@lastzeros=\count379
)) (/usr/local/texlive/2026/texmf-dist/tex/generic/pgf/math/pgfint.code.tex)
(/usr/local/texlive/2026/texmf-dist/tex/generic/pgf/basiclayer/pgfcorepoints.co
de.tex
File: pgfcorepoints.code.tex 2026-08-01 v3.1.12 (3.1.12)
\pgf@picminx=\dimen344
\pgf@picmaxx=\dimen345
\pgf@picminy=\dimen346
\pgf@picmaxy=\dimen347
\pgf@pathminx=\dimen348
\pgf@pathmaxx=\dimen349
\pgf@pathminy=\dimen350
\pgf@pathmaxy=\dimen351
\pgf@xx=\dimen352
\pgf@xy=\dimen353
\pgf@yx=\dimen354
\pgf@yy=\dimen355
\pgf@zx=\dimen356
\pgf@zy=\dimen357
)
(/usr/local/texlive/2026/texmf-dist/tex/generic/pgf/basiclayer/pgfcorepathconst
ruct.code.tex
File: pgfcorepathconstruct.code.tex 2026-08-01 v3.1.12 (3.1.12)
\pgf@path@lastx=\dimen358
\pgf@path@lasty=\dimen359
)
(/usr/local/texlive/2026/texmf-dist/tex/generic/pgf/basiclayer/pgfcorepathusage
.code.tex
File: pgfcorepathusage.code.tex 2026-08-01 v3.1.12 (3.1.12)
\pgf@shorten@end@additional=\dimen360
\pgf@shorten@start@additional=\dimen361
)
(/usr/local/texlive/2026/texmf-dist/tex/generic/pgf/basiclayer/pgfcorescopes.co
de.tex
File: pgfcorescopes.code.tex 2026-08-01 v3.1.12 (3.1.12)
\pgfpic=\box84
\pgf@hbox=\box85
\pgf@layerbox@main=\box86
\pgf@picture@serial@count=\count380
)
(/usr/local/texlive/2026/texmf-dist/tex/generic/pgf/basiclayer/pgfcoregraphicst
ate.code.tex
File: pgfcoregraphicstate.code.tex 2026-08-01 v3.1.12 (3.1.12)
\pgflinewidth=\dimen362
)
(/usr/local/texlive/2026/texmf-dist/tex/generic/pgf/basiclayer/pgfcoretransform
ations.code.tex
File: pgfcoretransformations.code.tex 2026-08-01 v3.1.12 (3.1.12)
\pgf@pt@x=\dimen363
\pgf@pt@y=\dimen364
\pgf@pt@temp=\dimen365
)
(/usr/local/texlive/2026/texmf-dist/tex/generic/pgf/basiclayer/pgfcorequick.cod
e.tex
File: pgfcorequick.code.tex 2026-08-01 v3.1.12 (3.1.12)
)
(/usr/local/texlive/2026/texmf-dist/tex/generic/pgf/basiclayer/pgfcoreobjects.c
ode.tex
File: pgfcoreobjects.code.tex 2026-08-01 v3.1.12 (3.1.12)
)
(/usr/local/texlive/2026/texmf-dist/tex/generic/pgf/basiclayer/pgfcorepathproce
ssing.code.tex
File: pgfcorepathprocessing.code.tex 2026-08-01 v3.1.12 (3.1.12)
)
(/usr/local/texlive/2026/texmf-dist/tex/generic/pgf/basiclayer/pgfcorearrows.co
de.tex
File: pgfcorearrows.code.tex 2026-08-01 v3.1.12 (3.1.12)
\pgfarrowsep=\dimen366
)
(/usr/local/texlive/2026/texmf-dist/tex/generic/pgf/basiclayer/pgfcoreshade.cod
e.tex
File: pgfcoreshade.code.tex 2026-08-01 v3.1.12 (3.1.12)
\pgf@max=\dimen367
\pgf@sys@shading@range@num=\count381
\pgf@shadingcount=\count382
)
(/usr/local/texlive/2026/texmf-dist/tex/generic/pgf/basiclayer/pgfcoreimage.cod
e.tex
File: pgfcoreimage.code.tex 2026-08-01 v3.1.12 (3.1.12)
)
(/usr/local/texlive/2026/texmf-dist/tex/generic/pgf/basiclayer/pgfcoreexternal.
code.tex
File: pgfcoreexternal.code.tex 2026-08-01 v3.1.12 (3.1.12)
\pgfexternal@startupbox=\box87
)
(/usr/local/texlive/2026/texmf-dist/tex/generic/pgf/basiclayer/pgfcorelayers.co
de.tex
File: pgfcorelayers.code.tex 2026-08-01 v3.1.12 (3.1.12)
)
(/usr/local/texlive/2026/texmf-dist/tex/generic/pgf/basiclayer/pgfcoretranspare
ncy.code.tex
File: pgfcoretransparency.code.tex 2026-08-01 v3.1.12 (3.1.12)
)
(/usr/local/texlive/2026/texmf-dist/tex/generic/pgf/basiclayer/pgfcorepatterns.
code.tex
File: pgfcorepatterns.code.tex 2026-08-01 v3.1.12 (3.1.12)
)
(/usr/local/texlive/2026/texmf-dist/tex/generic/pgf/basiclayer/pgfcorerdf.code.
tex
File: pgfcorerdf.code.tex 2026-08-01 v3.1.12 (3.1.12)
)))
(/usr/local/texlive/2026/texmf-dist/tex/generic/pgf/modules/pgfmoduleshapes.cod
e.tex
File: pgfmoduleshapes.code.tex 2026-08-01 v3.1.12 (3.1.12)
\pgfnodeparttextbox=\box88
)
Package: nicematrix 2026/07/22 v7.11a Enhanced arrays with the help of PGF/TikZ

\l__nicematrix_tmpc_dim=\dimen368
\l__nicematrix_tmpd_dim=\dimen369
\l__nicematrix_tmpc_int=\count383
\g__nicematrix_env_int=\count384
\l__nicematrix_the_array_box=\box89
\g__nicematrix_NiceMatrixBlock_int=\count385
\g__nicematrix_notes_caption_int=\count386
\l__nicematrix_columns_width_dim=\dimen370
\l__nicematrix_col_width_dim=\dimen371
\g__nicematrix_row_total_int=\count387
\g__nicematrix_col_total_int=\count388
\g__nicematrix_last_row_node_int=\count389
\l__nicematrix_key_nb_rows_int=\count390
\g__nicematrix_blocks_wd_dim=\dimen372
\g__nicematrix_blocks_ht_dim=\dimen373
\g__nicematrix_blocks_dp_dim=\dimen374
\l__nicematrix_width_dim=\dimen375
\l__nicematrix_tabular_width_dim=\dimen376
\l__nicematrix_rule_width_before_dim=\dimen377
\l__nicematrix_rule_width_after_dim=\dimen378
\l__nicematrix_old_iRow_int=\count391
\l__nicematrix_old_jCol_int=\count392
\l__nicematrix_X_columns_dim=\dimen379
\l__nicematrix_x_initial_dim=\dimen380
\l__nicematrix_y_initial_dim=\dimen381
\l__nicematrix_x_final_dim=\dimen382
\l__nicematrix_y_final_dim=\dimen383
\g__nicematrix_dp_row_zero_dim=\dimen384
\g__nicematrix_ht_row_zero_dim=\dimen385
\g__nicematrix_ht_row_one_dim=\dimen386
\g__nicematrix_dp_ante_last_row_dim=\dimen387
\g__nicematrix_ht_last_row_dim=\dimen388
\g__nicematrix_dp_last_row_dim=\dimen389
\g__nicematrix_width_last_col_dim=\dimen390
\g__nicematrix_width_first_col_dim=\dimen391
\l__nicematrix_multiplicity_int=\count393
\g__nicematrix_ddots_int=\count394
\g__nicematrix_iddots_int=\count395
\g__nicematrix_delta_x_one_dim=\dimen392
\g__nicematrix_delta_y_one_dim=\dimen393
\g__nicematrix_delta_x_two_dim=\dimen394
\g__nicematrix_delta_y_two_dim=\dimen395
\l__nicematrix_row_min_int=\count396
\l__nicematrix_row_max_int=\count397
\l__nicematrix_col_min_int=\count398
\l__nicematrix_col_max_int=\count399
\l__nicematrix_initial_i_int=\count400
\l__nicematrix_initial_j_int=\count401
\l__nicematrix_final_i_int=\count402
\l__nicematrix_final_j_int=\count403
\l__nicematrix_segment_start_int=\count404
\l__nicematrix_segment_end_int=\count405
\g__nicematrix_static_num_of_col_int=\count406
\g__nicematrix_block_box_int=\count407
\l__nicematrix_first_row_int=\count408
\l__nicematrix_first_col_int=\count409
\l__nicematrix_last_row_int=\count410
\l__nicematrix_last_col_int=\count411
\c@tabularnote=\count412
\g__nicematrix_tabularnote_int=\count413
\c@nicematrix_draft=\count414
\l__nicematrix_xdots_inter_dim=\dimen396
\l__nicematrix_xdots_shorten_start_dim=\dimen397
\l__nicematrix_xdots_shorten_end_dim=\dimen398
\l__nicematrix_xdots_radius_dim=\dimen399
\l__nicematrix_width_of_false_dim=\dimen400
\l__nicematrix_brace_shift_dim=\dimen401
\l__nicematrix_trees_line_width_dim=\dimen402
\l__nicematrix_trees_rounded_corners_dim=\dimen403
\l__nicematrix_tab_rounded_corners_dim=\dimen404
\l__nicematrix_cell_space_top_limit_dim=\dimen405
\l__nicematrix_cell_space_bottom_limit_dim=\dimen406
\l__nicematrix_left_margin_dim=\dimen407
\l__nicematrix_right_margin_dim=\dimen408
\l__nicematrix_extra_left_margin_dim=\dimen409
\l__nicematrix_extra_right_margin_dim=\dimen410
\c__nicematrix_max_l_dim=\dimen411
\l__nicematrix_rounded_corners_dim=\dimen412
\l__nicematrix_position_int=\count415
\l__nicematrix_start_int=\count416
\l__nicematrix_end_int=\count417
\l__nicematrix_line_width_dim=\dimen413
\l__nicematrix_xoffset_dim=\dimen414
\l__nicematrix_yoffset_dim=\dimen415
\l__nicematrix_submatrix_extra_height_dim=\dimen416
\l__nicematrix_submatrix_left_xshift_dim=\dimen417
\l__nicematrix_submatrix_right_xshift_dim=\dimen418
\l__nicematrix_brace_yshift_dim=\dimen419
) (/usr/local/texlive/2026/texmf-dist/tex/latex/placeins/placeins.sty
Package: placeins 2005/04/18  v 2.2
)
(/usr/local/texlive/2026/texmf-dist/tex/latex/ragged2e/ragged2e.sty
Package: ragged2e 2023/06/22 v3.6 ragged2e Package
\CenteringLeftskip=\skip162
\RaggedLeftLeftskip=\skip163
\RaggedRightLeftskip=\skip164
\CenteringRightskip=\skip165
\RaggedLeftRightskip=\skip166
\RaggedRightRightskip=\skip167
\CenteringParfillskip=\skip168
\RaggedLeftParfillskip=\skip169
\RaggedRightParfillskip=\skip170
\JustifyingParfillskip=\skip171
\CenteringParindent=\skip172
\RaggedLeftParindent=\skip173
\RaggedRightParindent=\skip174
\JustifyingParindent=\skip175
)
(/usr/local/texlive/2026/texmf-dist/tex/latex/caption/subcaption.sty
Package: subcaption 2023/07/28 v1.6b Sub-captions (AR)
Package caption Info: New subtype `subfigure' on input line 238.
\c@subfigure=\count418
Package caption Info: New subtype `subtable' on input line 238.
\c@subtable=\count419
)
(/usr/local/texlive/2026/texmf-dist/tex/latex/tabu/tabu.sty
Package: tabu 2019/01/11 v2.9 - flexible LaTeX tabulars (FC+tabu-fixed)

(/usr/local/texlive/2026/texmf-dist/tex/latex/varwidth/varwidth.sty
Package: varwidth 2009/03/30 ver 0.92;  Variable-width minipages
\@vwid@box=\box90
\sift@deathcycles=\count420
\@vwid@loff=\dimen420
\@vwid@roff=\dimen421
)
==> First Aid for varwidth.sty applied!
\c@taburow=\count421
\tabu@nbcols=\count422
\tabu@cnt=\count423
\tabu@Xcol=\count424
\tabu@alloc=\count425
\tabu@nested=\count426
\tabu@target=\dimen422
\tabu@spreadtarget=\dimen423
\tabu@naturalX=\dimen424
\tabucolX=\dimen425
\tabu@Xsum=\dimen426
\extrarowdepth=\dimen427
\abovetabulinesep=\dimen428
\belowtabulinesep=\dimen429
\tabustrutrule=\dimen430
\tabu@thebody=\toks54
\tabu@footnotes=\toks55
\tabu@box=\box91
\tabu@arstrutbox=\box92
\tabu@hleads=\box93
\tabu@vleads=\box94
\tabu@cellskip=\skip176
) (/usr/local/texlive/2026/texmf-dist/tex/latex/braket/braket.sty)
(/usr/local/texlive/2026/texmf-dist/tex/generic/chemfig/chemfig.sty
(/usr/local/texlive/2026/texmf-dist/tex/latex/pgf/frontendlayer/tikz.sty
(/usr/local/texlive/2026/texmf-dist/tex/latex/pgf/basiclayer/pgf.sty
Package: pgf 2026-08-01 v3.1.12 (3.1.12)

(/usr/local/texlive/2026/texmf-dist/tex/generic/pgf/modules/pgfmoduleplot.code.
tex
File: pgfmoduleplot.code.tex 2026-08-01 v3.1.12 (3.1.12)
)
(/usr/local/texlive/2026/texmf-dist/tex/latex/pgf/compatibility/pgfcomp-version
-0-65.sty
Package: pgfcomp-version-0-65 2026-08-01 v3.1.12 (3.1.12)
\pgf@nodesepstart=\dimen431
\pgf@nodesepend=\dimen432
)
(/usr/local/texlive/2026/texmf-dist/tex/latex/pgf/compatibility/pgfcomp-version
-1-18.sty
Package: pgfcomp-version-1-18 2026-08-01 v3.1.12 (3.1.12)
))
(/usr/local/texlive/2026/texmf-dist/tex/latex/pgf/utilities/pgffor.sty
(/usr/local/texlive/2026/texmf-dist/tex/latex/pgf/utilities/pgfkeys.sty
(/usr/local/texlive/2026/texmf-dist/tex/generic/pgf/utilities/pgfkeys.code.tex)
) (/usr/local/texlive/2026/texmf-dist/tex/latex/pgf/math/pgfmath.sty
(/usr/local/texlive/2026/texmf-dist/tex/generic/pgf/math/pgfmath.code.tex))
(/usr/local/texlive/2026/texmf-dist/tex/generic/pgf/utilities/pgffor.code.tex
Package: pgffor 2026-08-01 v3.1.12 (3.1.12)
\pgffor@iter=\dimen433
\pgffor@skip=\dimen434
\pgffor@stack=\toks56
\pgffor@toks=\toks57
))
(/usr/local/texlive/2026/texmf-dist/tex/generic/pgf/frontendlayer/tikz/tikz.cod
e.tex
Package: tikz 2026-08-01 v3.1.12 (3.1.12)

(/usr/local/texlive/2026/texmf-dist/tex/generic/pgf/libraries/pgflibraryplothan
dlers.code.tex
File: pgflibraryplothandlers.code.tex 2026-08-01 v3.1.12 (3.1.12)
\pgf@plot@mark@count=\count427
\pgfplotmarksize=\dimen435
)
\tikz@lastx=\dimen436
\tikz@lasty=\dimen437
\tikz@lastxsaved=\dimen438
\tikz@lastysaved=\dimen439
\tikz@lastmovetox=\dimen440
\tikz@lastmovetoy=\dimen441
\tikzleveldistance=\dimen442
\tikzsiblingdistance=\dimen443
\tikz@figbox=\box95
\tikz@figbox@bg=\box96
\tikz@tempbox=\box97
\tikz@tempbox@bg=\box98
\tikztreelevel=\count428
\tikznumberofchildren=\count429
\tikznumberofcurrentchild=\count430
\tikz@fig@count=\count431

(/usr/local/texlive/2026/texmf-dist/tex/generic/pgf/modules/pgfmodulematrix.cod
e.tex
File: pgfmodulematrix.code.tex 2026-08-01 v3.1.12 (3.1.12)
\pgfmatrixcurrentrow=\count432
\pgfmatrixcurrentcolumn=\count433
\pgf@matrix@numberofcolumns=\count434
)
\tikz@expandcount=\count435

(/usr/local/texlive/2026/texmf-dist/tex/generic/pgf/frontendlayer/tikz/librarie
s/tikzlibrarytopaths.code.tex
File: tikzlibrarytopaths.code.tex 2026-08-01 v3.1.12 (3.1.12)
)))
(/usr/local/texlive/2026/texmf-dist/tex/generic/chemfig/chemfig.tex
(/usr/local/texlive/2026/texmf-dist/tex/generic/simplekv/simplekv.tex
Package: simplekv 2025/06/15 v0.32 Simple keyval package (CT)
)
(/usr/local/texlive/2026/texmf-dist/tex/generic/pgf/libraries/pgflibraryarrows.
meta.code.tex
File: pgflibraryarrows.meta.code.tex 2026-08-01 v3.1.12 (3.1.12)
\pgfarrowinset=\dimen444
\pgfarrowlength=\dimen445
\pgfarrowwidth=\dimen446
\pgfarrowlinewidth=\dimen447
)
\CF_cnt_atomgroup=\count436
\CF_cnt_group=\count437
\CF_cnt_atom=\count438
\CF_cnt_cycle=\count439
\CF_cnt_cyclebonds=\count440
\CF_cnt_compound=\count441
\CF_dim=\dimen448
\CF_turnangle=\dimen449
\CF_arrowsize=\dimen450
\CF_zero=\dimen451
\CF_box=\box99
\CF_boxstuff=\box100
\CF_testbox=\box101
\CF_chargebox=\box102
\CF_substtoks=\toks58
\CF_harrow_boxup=\box103
\CF_harrow_boxdown=\box104
\CF_hreact_cnt=\count442
)
Package: chemfig 2025/10/30 v1.71 Draw molecule with an easy syntax (CT)
)
(/usr/local/texlive/2026/texmf-dist/tex/latex/csquotes/csquotes.sty
Package: csquotes 2026-05-19 v5.2p context-sensitive quotations (JAW)
\csq@reset=\count443
\csq@gtype=\count444
\csq@glevel=\count445
\csq@qlevel=\count446
\csq@maxlvl=\count447
\csq@tshold=\count448
\csq@ltx@everypar=\toks59

(/usr/local/texlive/2026/texmf-dist/tex/latex/csquotes/csquotes.def
File: csquotes.def 2026-05-19 v5.2p csquotes generic definitions (JAW)
)
Package csquotes Info: Trying to load configuration file 'csquotes.cfg'...
Package csquotes Info: ... configuration file loaded successfully.

(/usr/local/texlive/2026/texmf-dist/tex/latex/csquotes/csquotes.cfg
File: csquotes.cfg 
))
(/usr/local/texlive/2026/texmf-dist/tex/latex/csvsimple/csvsimple.sty
Package: csvsimple 2026/07/01 v3.0.0 LaTeX CSV file processing
)
(/usr/local/texlive/2026/texmf-dist/tex/latex/csvsimple/csvsimple-l3.sty
Package: csvsimple-l3 2026/07/01 v3.0.0 LaTeX3 CSV file processing
\g__csvsim_col_int=\count449
\g__csvsim_colmax_int=\count450
\g_csvsim_columncount_int=\count451
\g_csvsim_inputline_int=\count452
\g_csvsim_row_int=\count453
\l__csvsim_tmpa_int=\count454
\l__csvsim_tmpb_int=\count455
)
(/usr/local/texlive/2026/texmf-dist/tex/latex/derivative/derivative.sty
(/usr/local/texlive/2026/texmf-dist/tex/latex/l3packages/l3keys2e/l3keys2e.sty
Package: l3keys2e 2025-10-09 LaTeX2e option processing using LaTeX3 keys
)
Package: derivative 2024/02/08 v1.4 Nice and easy derivatives and differentials
 for LaTeX
\l__deriv_gcd_counter_int=\count456
\l__deriv_vmo_int=\count457
\l__deriv_var_count_int=\count458
\l__deriv_tmpa_int=\count459
\l__deriv_tmpb_int=\count460
\l__deriv_seq_pos_int=\count461
\l__deriv_sort_max_int=\count462
) (/usr/local/texlive/2026/texmf-dist/tex/latex/listings/listings.sty
\lst@mode=\count463
\lst@gtempboxa=\box105
\lst@token=\toks60
\lst@length=\count464
\lst@currlwidth=\dimen452
\lst@column=\count465
\lst@pos=\count466
\lst@lostspace=\dimen453
\lst@width=\dimen454
\lst@newlines=\count467
\lst@lineno=\count468
\lst@maxwidth=\dimen455

(/usr/local/texlive/2026/texmf-dist/tex/latex/listings/lstpatch.sty
File: lstpatch.sty 2025/11/14 1.11b (Carsten Heinz)
)
(/usr/local/texlive/2026/texmf-dist/tex/latex/listings/lstmisc.sty
File: lstmisc.sty 2025/11/14 1.11b (Carsten Heinz)
\c@lstnumber=\count469
\lst@skipnumbers=\count470
\lst@framebox=\box106
)
(/usr/local/texlive/2026/texmf-dist/tex/latex/listings/listings.cfg
File: listings.cfg 2025/11/14 1.11b listings configuration
))
Package: listings 2025/11/14 1.11b (Carsten Heinz)

(/usr/local/texlive/2026/texmf-dist/tex/xelatex/xecjk/xeCJK-listings.sty
Package: xeCJK-listings 2026/07/22 v3.10.4 xeCJK patch file for listings
\l__xeCJK_listings_max_char_int=\count471
\l__xeCJK_listings_flag_int=\count472
)
(/usr/local/texlive/2026/texmf-dist/tex/latex/listingsutf8/listingsutf8.sty
Package: listingsutf8 2019-12-10 v1.5 Allow UTF-8 in listings input (HO)


Package listingsutf8 Warning: Package loading is aborted because of missing \pd
f@unescapehex.
(listingsutf8)                It is provided by pdfTeX >= 1.30.

) (/usr/local/texlive/2026/texmf-dist/tex/latex/pdfpages/pdfpages.sty
Package: pdfpages 2026/03/30 v0.6h Insert pages of external PDF documents (AM)

(/usr/local/texlive/2026/texmf-dist/tex/latex/eso-pic/eso-pic.sty
Package: eso-pic 2026/05/31 v3.0e eso-pic (RN)
\ESO@tempdima=\dimen456
\ESO@tempdimb=\dimen457
)
\AM@pagewidth=\dimen458
\AM@pageheight=\dimen459
\AM@fboxrule=\dimen460

(/usr/local/texlive/2026/texmf-dist/tex/latex/pdfpages/ppxetex.def
File: ppxetex.def 2026/03/30 v0.6h Pdfpages driver for XeTeX (AM)
)
\pdfpages@includegraphics@status=\count473
\AM@pagebox=\box107
\AM@global@opts=\toks61
\AM@pagecnt=\count474
\AM@toc@title=\toks62
\AM@lof@heading=\toks63
\c@AM@survey=\count475
\AM@templatesizebox=\box108
)
(/usr/local/texlive/2026/texmf-dist/tex/latex/tools/verbatim.sty
Package: verbatim 2024-01-22 v1.5x LaTeX2e package for verbatim enhancements
\every@verbatim=\toks64
\verbatim@line=\toks65
\verbatim@in@stream=\read3
)
(/usr/local/texlive/2026/texmf-dist/tex/generic/pgf/frontendlayer/tikz/librarie
s/circuits/tikzlibrarycircuits.ee.IEC.code.tex
(/usr/local/texlive/2026/texmf-dist/tex/generic/pgf/frontendlayer/tikz/librarie
s/tikzlibraryarrows.code.tex
File: tikzlibraryarrows.code.tex 2026-08-01 v3.1.12 (3.1.12)

(/usr/local/texlive/2026/texmf-dist/tex/generic/pgf/libraries/pgflibraryarrows.
code.tex
File: pgflibraryarrows.code.tex 2026-08-01 v3.1.12 (3.1.12)
\arrowsize=\dimen461
))
(/usr/local/texlive/2026/texmf-dist/tex/generic/pgf/frontendlayer/tikz/librarie
s/circuits/tikzlibrarycircuits.ee.code.tex
(/usr/local/texlive/2026/texmf-dist/tex/generic/pgf/frontendlayer/tikz/librarie
s/circuits/tikzlibrarycircuits.code.tex
(/usr/local/texlive/2026/texmf-dist/tex/generic/pgf/frontendlayer/tikz/librarie
s/tikzlibrarycalc.code.tex
File: tikzlibrarycalc.code.tex 2026-08-01 v3.1.12 (3.1.12)
)
(/usr/local/texlive/2026/texmf-dist/tex/generic/pgf/frontendlayer/tikz/librarie
s/tikzlibrarydecorations.markings.code.tex
(/usr/local/texlive/2026/texmf-dist/tex/generic/pgf/frontendlayer/tikz/librarie
s/tikzlibrarydecorations.code.tex
(/usr/local/texlive/2026/texmf-dist/tex/generic/pgf/modules/pgfmoduledecoration
s.code.tex
\pgfdecoratedcompleteddistance=\dimen462
\pgfdecoratedremainingdistance=\dimen463
\pgfdecoratedinputsegmentcompleteddistance=\dimen464
\pgfdecoratedinputsegmentremainingdistance=\dimen465
\pgf@decorate@distancetomove=\dimen466
\pgf@decorate@repeatstate=\count476
\pgfdecorationsegmentamplitude=\dimen467
\pgfdecorationsegmentlength=\dimen468
)
\tikz@lib@dec@box=\box109
)
(/usr/local/texlive/2026/texmf-dist/tex/generic/pgf/libraries/decorations/pgfli
brarydecorations.markings.code.tex))
\tikz@lib@circ@count=\count477
\tikzcircuitssizeunit=\dimen469
)
(/usr/local/texlive/2026/texmf-dist/tex/generic/pgf/libraries/shapes/circuits/p
gflibraryshapes.gates.ee.code.tex))
(/usr/local/texlive/2026/texmf-dist/tex/generic/pgf/libraries/shapes/circuits/p
gflibraryshapes.gates.ee.IEC.code.tex))
(/usr/local/texlive/2026/texmf-dist/tex/generic/pgf/frontendlayer/tikz/librarie
s/circuits/tikzlibrarycircuits.logic.US.code.tex
(/usr/local/texlive/2026/texmf-dist/tex/generic/pgf/frontendlayer/tikz/librarie
s/circuits/tikzlibrarycircuits.logic.code.tex)
(/usr/local/texlive/2026/texmf-dist/tex/generic/pgf/libraries/shapes/circuits/p
gflibraryshapes.gates.logic.US.code.tex
(/usr/local/texlive/2026/texmf-dist/tex/generic/pgf/libraries/shapes/circuits/p
gflibraryshapes.gates.logic.code.tex)))
(/usr/local/texlive/2026/texmf-dist/tex/generic/pgf/frontendlayer/tikz/librarie
s/circuits/tikzlibrarycircuits.logic.IEC.code.tex
(/usr/local/texlive/2026/texmf-dist/tex/generic/pgf/libraries/shapes/circuits/p
gflibraryshapes.gates.logic.IEC.code.tex))
(/usr/local/texlive/2026/texmf-dist/tex/latex/pgfplots/pgfplots.sty
(/usr/local/texlive/2026/texmf-dist/tex/generic/pgfplots/pgfplots.revision.tex)
Package: pgfplots 2025/08/14 v1.18.2 Data Visualization (1.18.2)
(/usr/local/texlive/2026/texmf-dist/tex/generic/pgfplots/pgfplots.code.tex
(/usr/local/texlive/2026/texmf-dist/tex/generic/pgfplots/pgfplotscore.code.tex
\t@pgfplots@toka=\toks66
\t@pgfplots@tokb=\toks67
\t@pgfplots@tokc=\toks68
\pgfplots@tmpa=\dimen470
\c@pgfplots@coordindex=\count478
\c@pgfplots@scanlineindex=\count479

(/usr/local/texlive/2026/texmf-dist/tex/generic/pgfplots/sys/pgfplotssysgeneric
.code.tex))
(/usr/local/texlive/2026/texmf-dist/tex/generic/pgfplots/libs/pgfplotslibrary.c
ode.tex)
(/usr/local/texlive/2026/texmf-dist/tex/generic/pgfplots/oldpgfcompatib/pgfplot
soldpgfsupp_loader.code.tex
(/usr/local/texlive/2026/texmf-dist/tex/generic/pgf/libraries/pgflibraryfpu.cod
e.tex)
(/usr/local/texlive/2026/texmf-dist/tex/generic/pgfplots/oldpgfcompatib/pgfplot
soldpgfsupp_pgfutil-common-lists.tex))
(/usr/local/texlive/2026/texmf-dist/tex/generic/pgfplots/util/pgfplotsutil.code
.tex
(/usr/local/texlive/2026/texmf-dist/tex/generic/pgfplots/liststructure/pgfplots
liststructure.code.tex)
(/usr/local/texlive/2026/texmf-dist/tex/generic/pgfplots/liststructure/pgfplots
liststructureext.code.tex)
(/usr/local/texlive/2026/texmf-dist/tex/generic/pgfplots/liststructure/pgfplots
array.code.tex
\c@pgfplotsarray@tmp=\count480
)
(/usr/local/texlive/2026/texmf-dist/tex/generic/pgfplots/liststructure/pgfplots
matrix.code.tex)
(/usr/local/texlive/2026/texmf-dist/tex/generic/pgfplots/numtable/pgfplotstable
shared.code.tex
\c@pgfplotstable@counta=\count481
\t@pgfplotstable@a=\toks69
)
(/usr/local/texlive/2026/texmf-dist/tex/generic/pgfplots/liststructure/pgfplots
deque.code.tex)
(/usr/local/texlive/2026/texmf-dist/tex/generic/pgfplots/util/pgfplotsbinary.co
de.tex
(/usr/local/texlive/2026/texmf-dist/tex/generic/pgfplots/util/pgfplotsbinary.da
ta.code.tex))
(/usr/local/texlive/2026/texmf-dist/tex/generic/pgfplots/util/pgfplotsutil.verb
.code.tex)
(/usr/local/texlive/2026/texmf-dist/tex/generic/pgfplots/libs/pgflibrarypgfplot
s.surfshading.code.tex
\c@pgfplotslibrarysurf@no=\count482

(/usr/local/texlive/2026/texmf-dist/tex/generic/pgfplots/sys/pgflibrarypgfplots
.surfshading.pgfsys-xetex.def
(/usr/local/texlive/2026/texmf-dist/tex/generic/pgfplots/sys/pgflibrarypgfplots
.surfshading.pgfsys-dvipdfmx.def
\c@pgfplotslibrarysurf@streamlen=\count483
))))
(/usr/local/texlive/2026/texmf-dist/tex/generic/pgfplots/util/pgfplotscolormap.
code.tex
(/usr/local/texlive/2026/texmf-dist/tex/generic/pgfplots/util/pgfplotscolor.cod
e.tex))
(/usr/local/texlive/2026/texmf-dist/tex/generic/pgfplots/pgfplotsstackedplots.c
ode.tex)
(/usr/local/texlive/2026/texmf-dist/tex/generic/pgfplots/pgfplotsplothandlers.c
ode.tex
(/usr/local/texlive/2026/texmf-dist/tex/generic/pgfplots/pgfplotsmeshplothandle
r.code.tex
(/usr/local/texlive/2026/texmf-dist/tex/generic/pgfplots/pgfplotsmeshplotimage.
code.tex)))
(/usr/local/texlive/2026/texmf-dist/tex/generic/pgfplots/pgfplots.scaling.code.
tex)
(/usr/local/texlive/2026/texmf-dist/tex/generic/pgfplots/pgfplotscoordprocessin
g.code.tex)
(/usr/local/texlive/2026/texmf-dist/tex/generic/pgfplots/pgfplots.errorbars.cod
e.tex)
(/usr/local/texlive/2026/texmf-dist/tex/generic/pgfplots/pgfplots.markers.code.
tex)
(/usr/local/texlive/2026/texmf-dist/tex/generic/pgfplots/pgfplotsticks.code.tex
)
(/usr/local/texlive/2026/texmf-dist/tex/generic/pgfplots/pgfplots.paths.code.te
x)
(/usr/local/texlive/2026/texmf-dist/tex/generic/pgf/frontendlayer/tikz/librarie
s/tikzlibrarydecorations.pathmorphing.code.tex
(/usr/local/texlive/2026/texmf-dist/tex/generic/pgf/libraries/decorations/pgfli
brarydecorations.pathmorphing.code.tex))
(/usr/local/texlive/2026/texmf-dist/tex/generic/pgf/frontendlayer/tikz/librarie
s/tikzlibrarydecorations.pathreplacing.code.tex
(/usr/local/texlive/2026/texmf-dist/tex/generic/pgf/libraries/decorations/pgfli
brarydecorations.pathreplacing.code.tex))
(/usr/local/texlive/2026/texmf-dist/tex/generic/pgfplots/libs/tikzlibrarypgfplo
ts.contourlua.code.tex)
\pgfplots@numplots=\count484
\pgfplots@xmin@reg=\dimen471
\pgfplots@xmax@reg=\dimen472
\pgfplots@ymin@reg=\dimen473
\pgfplots@ymax@reg=\dimen474
\pgfplots@zmin@reg=\dimen475
\pgfplots@zmax@reg=\dimen476
)
(/usr/local/texlive/2026/texmf-dist/tex/generic/pgf/frontendlayer/tikz/librarie
s/tikzlibraryplotmarks.code.tex
File: tikzlibraryplotmarks.code.tex 2026-08-01 v3.1.12 (3.1.12)

(/usr/local/texlive/2026/texmf-dist/tex/generic/pgf/libraries/pgflibraryplotmar
ks.code.tex
File: pgflibraryplotmarks.code.tex 2026-08-01 v3.1.12 (3.1.12)
)))
(/usr/local/texlive/2026/texmf-dist/tex/latex/siunitx/siunitx.sty
Package: siunitx 2026-05-15 v3.5.5 A comprehensive (SI) units package
\l__siunitx_number_uncert_offset_int=\count485
\l__siunitx_number_exponent_fixed_int=\count486
\l__siunitx_number_min_decimal_int=\count487
\l__siunitx_number_min_integer_int=\count488
\l__siunitx_number_round_precision_int=\count489
\l__siunitx_number_lower_threshold_int=\count490
\l__siunitx_number_upper_threshold_int=\count491
\l__siunitx_number_group_first_int=\count492
\l__siunitx_number_group_size_int=\count493
\l__siunitx_number_group_min_int=\count494
\l__siunitx_number_group_minimum_int=\count495
\l__siunitx_compound_count_int=\count496

(/usr/local/texlive/2026/texmf-dist/tex/latex/translations/translations.sty
Package: translations 2022/02/05 v1.12 internationalization of LaTeX2e packages
 (CN)
)
\l__siunitx_table_tmp_box=\box110
\l__siunitx_table_tmp_dim=\dimen477
\l__siunitx_table_column_width_dim=\dimen478
\l__siunitx_table_integer_box=\box111
\l__siunitx_table_decimal_box=\box112
\l__siunitx_table_uncert_box=\box113
\l__siunitx_table_before_box=\box114
\l__siunitx_table_after_box=\box115
\l__siunitx_table_before_dim=\dimen479
\l__siunitx_table_carry_dim=\dimen480
\l__siunitx_unit_tmp_int=\count497
\l__siunitx_unit_position_int=\count498
\l__siunitx_unit_total_int=\count499
\l__siunitx_sexagesimal_tmp_dim=\dimen481
\l__siunitx_sexagesimal_marker_box=\box116
\l__siunitx_sexagesimal_unit_box=\box117
)
(/usr/local/texlive/2026/texmf-dist/tex/latex/circuitikz/circuitikz.sty
Package: circuitikz 2026/05/24{} The CircuiTikz circuit drawing package version
 1.8.6

(/usr/local/texlive/2026/texmf-dist/tex/generic/pgf/frontendlayer/tikz/librarie
s/tikzlibrarybending.code.tex
File: tikzlibrarybending.code.tex 2026-08-01 v3.1.12 (3.1.12)

(/usr/local/texlive/2026/texmf-dist/tex/generic/pgf/modules/pgfmodulebending.co
de.tex
File: pgfmodulebending.code.tex 2026-08-01 v3.1.12 (3.1.12)

(/usr/local/texlive/2026/texmf-dist/tex/generic/pgf/modules/pgfmodulenonlineart
ransformations.code.tex
File: pgfmodulenonlineartransformations.code.tex 2026-08-01 v3.1.12 (3.1.12)
\pgftransformnonlinearflatness=\dimen482
)
(/usr/local/texlive/2026/texmf-dist/tex/generic/pgf/libraries/pgflibrarycurvili
near.code.tex
File: pgflibrarycurvilinear.code.tex 2026-08-01 v3.1.12 (3.1.12)
\pgf@curvilinear@time@a=\dimen483
\pgf@curvilinear@length@a=\dimen484
\pgf@curvilinear@length@b=\dimen485
\pgf@curvilinear@length@c=\dimen486
\pgf@curvilinear@length@d=\dimen487
)
\pgf@arrows@the@rigidity=\dimen488
))
(/usr/local/texlive/2026/texmf-dist/tex/generic/pgf/frontendlayer/tikz/librarie
s/tikzlibraryfpu.code.tex)
(/usr/local/texlive/2026/texmf-dist/tex/generic/circuitikz/pgfcirc.defines.tex
\pgf@circ@count@a=\count500
\pgf@circ@count@b=\count501
\pgf@circ@count@c=\count502
\pgf@circ@res@up=\dimen489
\pgf@circ@res@down=\dimen490
\pgf@circ@res@zero=\dimen491
\pgf@circ@res@left=\dimen492
\pgf@circ@res@right=\dimen493
\pgf@circ@res@other=\dimen494
\pgf@circ@res@step=\dimen495
\pgf@circ@res@temp=\dimen496
\pgf@circ@Rlen=\dimen497
\pgf@circ@scaled@Rlen=\dimen498
\pgfstartlinewidth=\dimen499
) (/usr/local/texlive/2026/texmf-dist/tex/generic/circuitikz/pgfcircutils.tex
\ctikz@scratchbox=\box118
)
(/usr/local/texlive/2026/texmf-dist/tex/generic/circuitikz/pgfcircpath.tex
\ctikz@vif@count=\count503
)
(/usr/local/texlive/2026/texmf-dist/tex/generic/circuitikz/pgfcircshapes.tex)
(/usr/local/texlive/2026/texmf-dist/tex/generic/circuitikz/pgfcircmonopoles.tex
) (/usr/local/texlive/2026/texmf-dist/tex/generic/circuitikz/pgfcircbipoles.tex
)
(/usr/local/texlive/2026/texmf-dist/tex/generic/circuitikz/pgfcirctripoles.tex
\pgf@circ@res@count=\count504
)
(/usr/local/texlive/2026/texmf-dist/tex/generic/circuitikz/pgfcircquadpoles.tex
)
(/usr/local/texlive/2026/texmf-dist/tex/generic/circuitikz/pgfcircmultipoles.te
x) (/usr/local/texlive/2026/texmf-dist/tex/generic/circuitikz/pgfcirclabel.tex)
(/usr/local/texlive/2026/texmf-dist/tex/generic/circuitikz/pgfcircvoltage.tex
\pgfcirc@labelshift=\dimen500
)
(/usr/local/texlive/2026/texmf-dist/tex/generic/circuitikz/pgfcirccurrent.tex)
(/usr/local/texlive/2026/texmf-dist/tex/generic/circuitikz/pgfcircflow.tex))
(/usr/local/texlive/2026/texmf-dist/tex/latex/mhchem/mhchem.sty
Package: mhchem 2024/01/29 v4.10 for typesetting chemical formulae

(/usr/local/texlive/2026/texmf-dist/tex/latex/chemgreek/chemgreek.sty
Package: chemgreek 2020/01/16 v1.1a interface for upright Greek letters for use
 in chemistry (CN)
\l__chemgreek_tmpa_int=\count505
\g__chemgreek_tmpa_int=\count506
)
\l__mhchem_ce_distanceFromLastComma_int=\count507
\__mhchem_arrow_extPgfLength_skip=\skip177
\mhchem@minispace@tmp=\skip178
\mhchem@minibackspace@tmp=\skip179
\mhchem@bondwidth=\skip180
\mhchem@bondheight=\skip181
\mhchem@smallbondwidth@tmpA=\skip182
\mhchem@smallbondwidth@tmpB=\skip183
\mhchem@smallbondwidth=\skip184
\mhchem@bondtmp@minussidebearingleft=\skip185
\mhchem@bondtmp@minussidebearingright=\skip186
\l__mhchem_option_version_int=\count508
\mhchem@option@minusmathsidebearingleft=\dimen501
\mhchem@option@minusmathsidebearingright=\dimen502
\mhchem@option@minustextsidebearingleft=\dimen503
\mhchem@option@minustextsidebearingright=\dimen504
)
(/usr/local/texlive/2026/texmf-dist/tex/latex/arydshln/arydshln.sty
Package: arydshln 2019/02/21 v1.76 
\dashlinedash=\dimen505
\dashlinegap=\dimen506
\adl@box=\box119
\adl@height=\dimen507
\adl@heightsave=\dimen508
\adl@depth=\dimen509
\adl@depthsave=\dimen510
\adl@finaldepth=\dimen511
\adl@columns=\count509
\adl@ncol=\count510
\adl@currentcolumn=\count511
\adl@currentcolumnsave=\count512
\adl@totalheight=\count513
\adl@totalheightsave=\count514
\adl@dash=\count515
\adl@gap=\count516
\adl@cla=\count517
\adl@clb=\count518
\adl@everyvbox=\toks70
\adl@LTpagetotal=\dimen512
)
==> First Aid for arydshln.sty applied!
(/usr/local/texlive/2026/texmf-dist/tex/latex/hyperref/hyperref.sty
Package: hyperref 2026-06-17 v7.01r Hypertext links for LaTeX

(/usr/local/texlive/2026/texmf-dist/tex/generic/pdfescape/pdfescape.sty
Package: pdfescape 2019/12/09 v1.15 Implements pdfTeX's escape features (HO)
)
(/usr/local/texlive/2026/texmf-dist/tex/latex/hycolor/hycolor.sty
Package: hycolor 2020-01-27 v1.10 Color options for hyperref/bookmark (HO)
)
(/usr/local/texlive/2026/texmf-dist/tex/latex/hyperref/nameref.sty
Package: nameref 2026-01-29 v2.58 Cross-referencing by name of section

(/usr/local/texlive/2026/texmf-dist/tex/latex/refcount/refcount.sty
Package: refcount 2019/12/15 v3.6 Data extraction from label references (HO)
)
(/usr/local/texlive/2026/texmf-dist/tex/generic/gettitlestring/gettitlestring.s
ty
Package: gettitlestring 2019/12/15 v1.6 Cleanup title references (HO)
)
\c@section@level=\count519
) (/usr/local/texlive/2026/texmf-dist/tex/generic/stringenc/stringenc.sty
Package: stringenc 2019/11/29 v1.12 Convert strings between diff. encodings (HO
)
)
\@linkdim=\dimen513
\Hy@linkcounter=\count520
\Hy@pagecounter=\count521

(/usr/local/texlive/2026/texmf-dist/tex/latex/hyperref/pd1enc.def
File: pd1enc.def 2026-06-17 v7.01r Hyperref: PDFDocEncoding definition (HO)
)
(/usr/local/texlive/2026/texmf-dist/tex/generic/intcalc/intcalc.sty
Package: intcalc 2019/12/15 v1.3 Expandable calculations with integers (HO)
)
\Hy@SavedSpaceFactor=\count522

(/usr/local/texlive/2026/texmf-dist/tex/latex/hyperref/puenc.def
File: puenc.def 2026-06-17 v7.01r Hyperref: PDF Unicode definition (HO)

(/usr/local/texlive/2026/texmf-dist/tex/latex/greek-fontenc/puenc-greek.def
File: puenc-greek.def 2023-09-12 2.5 Greek LICRs for PDF strings

(/usr/local/texlive/2026/texmf-dist/tex/latex/greek-fontenc/greek-fontenc.def
File: greek-fontenc.def 2023-09-12 2.5 Common Greek font encoding definitions
)
LaTeX Encoding Info:    Redeclaring text command \textmu (encoding PU) on input
 line 179.
)
LaTeX Encoding Info:    Redeclaring text command \textohm (encoding PU) on inpu
t line 1176.
)
Package hyperref Info: Option `bookmarksnumbered' set `true' on input line 4070
.
Package hyperref Info: Hyper figures OFF on input line 4199.
Package hyperref Info: Link nesting OFF on input line 4204.
Package hyperref Info: Hyper index ON on input line 4207.
Package hyperref Info: Plain pages OFF on input line 4214.
Package hyperref Info: Backreferencing OFF on input line 4219.
Package hyperref Info: Implicit mode ON; LaTeX internals redefined.
Package hyperref Info: Bookmarks ON on input line 4466.
\c@Hy@tempcnt=\count523
 (/usr/local/texlive/2026/texmf-dist/tex/latex/url/url.sty
\Urlmuskip=\muskip18
Package: url 2013/09/16  ver 3.4  Verb mode for urls, etc.
)
LaTeX Info: Redefining \url on input line 4805.
\XeTeXLinkMargin=\dimen514

(/usr/local/texlive/2026/texmf-dist/tex/generic/bitset/bitset.sty
Package: bitset 2019/12/09 v1.3 Handle bit-vector datatype (HO)

(/usr/local/texlive/2026/texmf-dist/tex/generic/bigintcalc/bigintcalc.sty
Package: bigintcalc 2019/12/15 v1.5 Expandable calculations on big integers (HO
)
))
\Fld@menulength=\count524
\Field@Width=\dimen515
\Fld@charsize=\dimen516
Package hyperref Info: Hyper figures OFF on input line 6091.
Package hyperref Info: Link nesting OFF on input line 6096.
Package hyperref Info: Hyper index ON on input line 6099.
Package hyperref Info: backreferencing OFF on input line 6106.
Package hyperref Info: Link coloring OFF on input line 6111.
Package hyperref Info: Link coloring with OCG OFF on input line 6116.
Package hyperref Info: PDF/A mode OFF on input line 6121.
\Hy@abspage=\count525
\c@Item=\count526
\c@Hfootnote=\count527
)
Package hyperref Info: Driver (autodetected): hxetex.

(/usr/local/texlive/2026/texmf-dist/tex/latex/hyperref/hxetex.def
File: hxetex.def 2026-06-17 v7.01r Hyperref driver for XeTeX
\pdfm@box=\box120
\c@Hy@AnnotLevel=\count528
\HyField@AnnotCount=\count529
\Fld@listcount=\count530
\c@bookmark@seq@number=\count531

(/usr/local/texlive/2026/texmf-dist/tex/latex/rerunfilecheck/rerunfilecheck.sty
Package: rerunfilecheck 2025-06-21 v1.11 Rerun checks for auxiliary files (HO)

(/usr/local/texlive/2026/texmf-dist/tex/generic/uniquecounter/uniquecounter.sty
Package: uniquecounter 2019/12/15 v1.4 Provide unlimited unique counter (HO)
)
Package uniquecounter Info: New unique counter `rerunfilecheck' on input line 2
84.
)
\Hy@SectionHShift=\skip187
) (/usr/local/texlive/2026/texmf-dist/tex/latex/xurl/xurl.sty
Package: xurl 2022/01/09 v 0.10 modify URL breaks
)
(/usr/local/texlive/2026/texmf-dist/tex/latex/tcolorbox/tcolorbox.sty
Package: tcolorbox 2026/05/28 version 6.10.0 text color boxes

(/usr/local/texlive/2026/texmf-dist/tex/latex/environ/environ.sty
Package: environ 2014/05/04 v0.3 A new way to define environments

(/usr/local/texlive/2026/texmf-dist/tex/latex/trimspaces/trimspaces.sty
Package: trimspaces 2009/09/17 v1.1 Trim spaces around a token list
))
\tcb@titlebox=\box121
\tcb@upperbox=\box122
\tcb@lowerbox=\box123
\tcb@phantombox=\box124
\c@tcbbreakpart=\count532
\c@tcblayer=\count533
\c@tcolorbox@number=\count534
\l__tcobox_tmpa_box=\box125
\l__tcobox_tmpa_dim=\dimen517
\tcb@temp=\box126
\tcb@temp=\box127
\tcb@temp=\box128
\tcb@temp=\box129
)
(/usr/local/texlive/2026/texmf-dist/tex/latex/tcolorbox/tcbbreakable.code.tex
Library (tcolorbox): 'tcbbreakable.code.tex' version '6.10.0'
(/usr/local/texlive/2026/texmf-dist/tex/latex/pdfcol/pdfcol.sty
Package: pdfcol 2026-06-20 v1.8 Handle new color stacks for pdfTeX (HO)
Package pdfcol Info: Interface disabled because of missing PDF mode of pdfTeX.
)
Package pdfcol Info: pdfTeX's color stacks are not available.
\tcb@testbox=\box130
\tcb@totalupperbox=\box131
\tcb@totallowerbox=\box132
)
(/usr/local/texlive/2026/texmf-dist/tex/latex/tcolorbox/tcbdocumentation.code.t
ex
Library (tcolorbox): 'tcbdocumentation.code.tex' version '6.10.0'
(/usr/local/texlive/2026/texmf-dist/tex/latex/tcolorbox/tcblistings.code.tex
Library (tcolorbox): 'tcblistings.code.tex' version '6.10.0'

(/usr/local/texlive/2026/texmf-dist/tex/latex/tcolorbox/tcblistingscore.code.te
x
Library (tcolorbox): 'tcblistingscore.code.tex' version '6.10.0'
(/usr/local/texlive/2026/texmf-dist/tex/latex/tcolorbox/tcbprocessing.code.tex
Library (tcolorbox): 'tcbprocessing.code.tex' version '6.10.0'
)
\c@tcblisting=\count535
)) (/usr/local/texlive/2026/texmf-dist/tex/latex/tcolorbox/tcbskins.code.tex
Library (tcolorbox): 'tcbskins.code.tex' version '6.10.0'
(/usr/local/texlive/2026/texmf-dist/tex/latex/tikzfill/tikzfill.image.sty
Package: tikzfill.image 2026/04/23 v1.2.0 Image filling library for TikZ

(/usr/local/texlive/2026/texmf-dist/tex/latex/tikzfill/tikzlibraryfill.image.co
de.tex
File: tikzlibraryfill.image.code.tex 2026/04/23 v1.2.0 Image filling library
\l__tikzfill_tmpa_dim=\dimen518
\l__tikzfill_tmpb_dim=\dimen519
\l__tikzfill_img_box=\box133
))
(/usr/local/texlive/2026/texmf-dist/tex/latex/tcolorbox/tcbskinsjigsaw.code.tex
Library (tcolorbox): 'tcbskinsjigsaw.code.tex' version '6.10.0'
)) (/usr/local/texlive/2026/texmf-dist/tex/latex/tcolorbox/tcbexternal.code.tex
Library (tcolorbox): 'tcbexternal.code.tex' version '6.10.0'
) (/usr/local/texlive/2026/texmf-dist/tex/latex/tcolorbox/tcbraster.code.tex
Library (tcolorbox): 'tcbraster.code.tex' version '6.10.0'
\c@tcbrastercolumn=\count536
\c@tcbrasterrow=\count537
\c@tcbrasternum=\count538
\c@tcbraster=\count539
) (/usr/local/texlive/2026/texmf-dist/tex/latex/base/makeidx.sty
Package: makeidx 2021/10/04 v1.0m Standard LaTeX package
)
(/usr/local/texlive/2026/texmf-dist/tex/latex/marginnote/marginnote.sty
Package: marginnote 2026-06-15 1.5 non floating margin notes for LaTeX 
\c@mn@abspage=\count540
)
\l__tcobox_doc_key_wd_dim=\dimen520
)
(/usr/local/texlive/2026/texmf-dist/tex/latex/tcolorbox/tcbfitting.code.tex
Library (tcolorbox): 'tcbfitting.code.tex' version '6.10.0'
\tcbfitdim=\dimen521
\tcb@lowerfitdim=\dimen522
\tcb@upperfitdim=\dimen523
\tcb@cur@hbadness=\count541
) (/usr/local/texlive/2026/texmf-dist/tex/latex/tcolorbox/tcbhooks.code.tex
Library (tcolorbox): 'tcbhooks.code.tex' version '6.10.0'
)
(/usr/local/texlive/2026/texmf-dist/tex/latex/tcolorbox/tcblistingsutf8.code.te
x
Library (tcolorbox): 'tcblistingsutf8.code.tex' version '6.10.0'
Package tcolorbox Info: Library `listingsutf8' is compatible with pdftex only. 
Library `listings` is loaded instead. on input line 29.
) (/usr/local/texlive/2026/texmf-dist/tex/latex/tcolorbox/tcbposter.code.tex
Library (tcolorbox): 'tcbposter.code.tex' version '6.10.0'
(/usr/local/texlive/2026/texmf-dist/tex/latex/tcolorbox/tcbmagazine.code.tex
Library (tcolorbox): 'tcbmagazine.code.tex' version '6.10.0'
)) (/usr/local/texlive/2026/texmf-dist/tex/latex/tcolorbox/tcbtheorems.code.tex
Library (tcolorbox): 'tcbtheorems.code.tex' version '6.10.0'
) (/usr/local/texlive/2026/texmf-dist/tex/latex/unicode-math/unicode-math.sty
Package: unicode-math 2023/08/13 v0.8r Unicode maths in XeLaTeX and LuaLaTeX

(/usr/local/texlive/2026/texmf-dist/tex/latex/unicode-math/unicode-math-xetex.s
ty
Package: unicode-math-xetex 2023/08/13 v0.8r Unicode maths in XeLaTeX and LuaLa
TeX
 (/usr/local/texlive/2026/texmf-dist/tex/latex/base/fix-cm.sty
Package: fix-cm 2020/11/24 v1.1t fixes to LaTeX

(/usr/local/texlive/2026/texmf-dist/tex/latex/base/ts1enc.def
File: ts1enc.def 2001/06/05 v3.0e (jk/car/fm) Standard LaTeX file
LaTeX Font Info:    Redeclaring font encoding TS1 on input line 47.
LaTeX Encoding Info:    Redeclaring text command \capitalcedilla (encoding TS1)
 on input line 49.
LaTeX Encoding Info:    Redeclaring text command \capitalogonek (encoding TS1) 
on input line 52.
LaTeX Encoding Info:    Redeclaring text command \capitalgrave (encoding TS1) o
n input line 55.
LaTeX Encoding Info:    Redeclaring text command \capitalacute (encoding TS1) o
n input line 56.
LaTeX Encoding Info:    Redeclaring text command \capitalcircumflex (encoding T
S1) on input line 57.
LaTeX Encoding Info:    Redeclaring text command \capitaltilde (encoding TS1) o
n input line 58.
LaTeX Encoding Info:    Redeclaring text command \capitaldieresis (encoding TS1
) on input line 59.
LaTeX Encoding Info:    Redeclaring text command \capitalhungarumlaut (encoding
 TS1) on input line 60.
LaTeX Encoding Info:    Redeclaring text command \capitalring (encoding TS1) on
 input line 61.
LaTeX Encoding Info:    Redeclaring text command \capitalcaron (encoding TS1) o
n input line 62.
LaTeX Encoding Info:    Redeclaring text command \capitalbreve (encoding TS1) o
n input line 63.
LaTeX Encoding Info:    Redeclaring text command \capitalmacron (encoding TS1) 
on input line 64.
LaTeX Encoding Info:    Redeclaring text command \capitaldotaccent (encoding TS
1) on input line 65.
LaTeX Encoding Info:    Redeclaring text command \t (encoding TS1) on input lin
e 66.
LaTeX Encoding Info:    Redeclaring text command \capitaltie (encoding TS1) on 
input line 67.
LaTeX Encoding Info:    Redeclaring text command \newtie (encoding TS1) on inpu
t line 68.
LaTeX Encoding Info:    Redeclaring text command \capitalnewtie (encoding TS1) 
on input line 69.
LaTeX Encoding Info:    Redeclaring text symbol \textcapitalcompwordmark (encod
ing TS1) on input line 70.
LaTeX Encoding Info:    Redeclaring text symbol \textascendercompwordmark (enco
ding TS1) on input line 71.
LaTeX Encoding Info:    Redeclaring text symbol \textquotestraightbase (encodin
g TS1) on input line 72.
LaTeX Encoding Info:    Redeclaring text symbol \textquotestraightdblbase (enco
ding TS1) on input line 73.
LaTeX Encoding Info:    Redeclaring text symbol \texttwelveudash (encoding TS1)
 on input line 74.
LaTeX Encoding Info:    Redeclaring text symbol \textthreequartersemdash (encod
ing TS1) on input line 75.
LaTeX Encoding Info:    Redeclaring text symbol \textleftarrow (encoding TS1) o
n input line 76.
LaTeX Encoding Info:    Redeclaring text symbol \textrightarrow (encoding TS1) 
on input line 77.
LaTeX Encoding Info:    Redeclaring text symbol \textblank (encoding TS1) on in
put line 78.
LaTeX Encoding Info:    Redeclaring text symbol \textdollar (encoding TS1) on i
nput line 79.
LaTeX Encoding Info:    Redeclaring text symbol \textquotesingle (encoding TS1)
 on input line 80.
LaTeX Encoding Info:    Redeclaring text command \textasteriskcentered (encodin
g TS1) on input line 81.
LaTeX Encoding Info:    Redeclaring text symbol \textdblhyphen (encoding TS1) o
n input line 92.
LaTeX Encoding Info:    Redeclaring text symbol \textfractionsolidus (encoding 
TS1) on input line 93.
LaTeX Encoding Info:    Redeclaring text symbol \textzerooldstyle (encoding TS1
) on input line 94.
LaTeX Encoding Info:    Redeclaring text symbol \textoneoldstyle (encoding TS1)
 on input line 95.
LaTeX Encoding Info:    Redeclaring text symbol \texttwooldstyle (encoding TS1)
 on input line 96.
LaTeX Encoding Info:    Redeclaring text symbol \textthreeoldstyle (encoding TS
1) on input line 97.
LaTeX Encoding Info:    Redeclaring text symbol \textfouroldstyle (encoding TS1
) on input line 98.
LaTeX Encoding Info:    Redeclaring text symbol \textfiveoldstyle (encoding TS1
) on input line 99.
LaTeX Encoding Info:    Redeclaring text symbol \textsixoldstyle (encoding TS1)
 on input line 100.
LaTeX Encoding Info:    Redeclaring text symbol \textsevenoldstyle (encoding TS
1) on input line 101.
LaTeX Encoding Info:    Redeclaring text symbol \texteightoldstyle (encoding TS
1) on input line 102.
LaTeX Encoding Info:    Redeclaring text symbol \textnineoldstyle (encoding TS1
) on input line 103.
LaTeX Encoding Info:    Redeclaring text symbol \textlangle (encoding TS1) on i
nput line 104.
LaTeX Encoding Info:    Redeclaring text symbol \textminus (encoding TS1) on in
put line 105.
LaTeX Encoding Info:    Redeclaring text symbol \textrangle (encoding TS1) on i
nput line 106.
LaTeX Encoding Info:    Redeclaring text symbol \textmho (encoding TS1) on inpu
t line 107.
LaTeX Encoding Info:    Redeclaring text symbol \textbigcircle (encoding TS1) o
n input line 108.
LaTeX Encoding Info:    Redeclaring text command \textcircled (encoding TS1) on
 input line 109.
LaTeX Encoding Info:    Redeclaring text symbol \textohm (encoding TS1) on inpu
t line 115.
LaTeX Encoding Info:    Redeclaring text symbol \textlbrackdbl (encoding TS1) o
n input line 116.
LaTeX Encoding Info:    Redeclaring text symbol \textrbrackdbl (encoding TS1) o
n input line 117.
LaTeX Encoding Info:    Redeclaring text symbol \textuparrow (encoding TS1) on 
input line 118.
LaTeX Encoding Info:    Redeclaring text symbol \textdownarrow (encoding TS1) o
n input line 119.
LaTeX Encoding Info:    Redeclaring text symbol \textasciigrave (encoding TS1) 
on input line 120.
LaTeX Encoding Info:    Redeclaring text symbol \textborn (encoding TS1) on inp
ut line 121.
LaTeX Encoding Info:    Redeclaring text symbol \textdivorced (encoding TS1) on
 input line 122.
LaTeX Encoding Info:    Redeclaring text symbol \textdied (encoding TS1) on inp
ut line 123.
LaTeX Encoding Info:    Redeclaring text symbol \textleaf (encoding TS1) on inp
ut line 124.
LaTeX Encoding Info:    Redeclaring text symbol \textmarried (encoding TS1) on 
input line 125.
LaTeX Encoding Info:    Redeclaring text symbol \textmusicalnote (encoding TS1)
 on input line 126.
LaTeX Encoding Info:    Redeclaring text symbol \texttildelow (encoding TS1) on
 input line 127.
LaTeX Encoding Info:    Redeclaring text symbol \textdblhyphenchar (encoding TS
1) on input line 128.
LaTeX Encoding Info:    Redeclaring text symbol \textasciibreve (encoding TS1) 
on input line 129.
LaTeX Encoding Info:    Redeclaring text symbol \textasciicaron (encoding TS1) 
on input line 130.
LaTeX Encoding Info:    Redeclaring text symbol \textacutedbl (encoding TS1) on
 input line 131.
LaTeX Encoding Info:    Redeclaring text symbol \textgravedbl (encoding TS1) on
 input line 132.
LaTeX Encoding Info:    Redeclaring text symbol \textdagger (encoding TS1) on i
nput line 133.
LaTeX Encoding Info:    Redeclaring text symbol \textdaggerdbl (encoding TS1) o
n input line 134.
LaTeX Encoding Info:    Redeclaring text symbol \textbardbl (encoding TS1) on i
nput line 135.
LaTeX Encoding Info:    Redeclaring text symbol \textperthousand (encoding TS1)
 on input line 136.
LaTeX Encoding Info:    Redeclaring text symbol \textbullet (encoding TS1) on i
nput line 137.
LaTeX Encoding Info:    Redeclaring text symbol \textcelsius (encoding TS1) on 
input line 138.
LaTeX Encoding Info:    Redeclaring text symbol \textdollaroldstyle (encoding T
S1) on input line 139.
LaTeX Encoding Info:    Redeclaring text symbol \textcentoldstyle (encoding TS1
) on input line 140.
LaTeX Encoding Info:    Redeclaring text symbol \textflorin (encoding TS1) on i
nput line 141.
LaTeX Encoding Info:    Redeclaring text symbol \textcolonmonetary (encoding TS
1) on input line 142.
LaTeX Encoding Info:    Redeclaring text symbol \textwon (encoding TS1) on inpu
t line 143.
LaTeX Encoding Info:    Redeclaring text symbol \textnaira (encoding TS1) on in
put line 144.
LaTeX Encoding Info:    Redeclaring text symbol \textguarani (encoding TS1) on 
input line 145.
LaTeX Encoding Info:    Redeclaring text symbol \textpeso (encoding TS1) on inp
ut line 146.
LaTeX Encoding Info:    Redeclaring text symbol \textlira (encoding TS1) on inp
ut line 147.
LaTeX Encoding Info:    Redeclaring text symbol \textrecipe (encoding TS1) on i
nput line 148.
LaTeX Encoding Info:    Redeclaring text symbol \textinterrobang (encoding TS1)
 on input line 149.
LaTeX Encoding Info:    Redeclaring text symbol \textinterrobangdown (encoding 
TS1) on input line 150.
LaTeX Encoding Info:    Redeclaring text symbol \textdong (encoding TS1) on inp
ut line 151.
LaTeX Encoding Info:    Redeclaring text symbol \texttrademark (encoding TS1) o
n input line 152.
LaTeX Encoding Info:    Redeclaring text symbol \textpertenthousand (encoding T
S1) on input line 153.
LaTeX Encoding Info:    Redeclaring text symbol \textpilcrow (encoding TS1) on 
input line 154.
LaTeX Encoding Info:    Redeclaring text symbol \textbaht (encoding TS1) on inp
ut line 155.
LaTeX Encoding Info:    Redeclaring text symbol \textnumero (encoding TS1) on i
nput line 156.
LaTeX Encoding Info:    Redeclaring text symbol \textdiscount (encoding TS1) on
 input line 157.
LaTeX Encoding Info:    Redeclaring text symbol \textestimated (encoding TS1) o
n input line 158.
LaTeX Encoding Info:    Redeclaring text symbol \textopenbullet (encoding TS1) 
on input line 159.
LaTeX Encoding Info:    Redeclaring text symbol \textservicemark (encoding TS1)
 on input line 160.
LaTeX Encoding Info:    Redeclaring text symbol \textlquill (encoding TS1) on i
nput line 161.
LaTeX Encoding Info:    Redeclaring text symbol \textrquill (encoding TS1) on i
nput line 162.
LaTeX Encoding Info:    Redeclaring text symbol \textcent (encoding TS1) on inp
ut line 163.
LaTeX Encoding Info:    Redeclaring text symbol \textsterling (encoding TS1) on
 input line 164.
LaTeX Encoding Info:    Redeclaring text symbol \textcurrency (encoding TS1) on
 input line 165.
LaTeX Encoding Info:    Redeclaring text symbol \textyen (encoding TS1) on inpu
t line 166.
LaTeX Encoding Info:    Redeclaring text symbol \textbrokenbar (encoding TS1) o
n input line 167.
LaTeX Encoding Info:    Redeclaring text symbol \textsection (encoding TS1) on 
input line 168.
LaTeX Encoding Info:    Redeclaring text symbol \textasciidieresis (encoding TS
1) on input line 169.
LaTeX Encoding Info:    Redeclaring text symbol \textcopyright (encoding TS1) o
n input line 170.
LaTeX Encoding Info:    Redeclaring text symbol \textordfeminine (encoding TS1)
 on input line 171.
LaTeX Encoding Info:    Redeclaring text symbol \textcopyleft (encoding TS1) on
 input line 172.
LaTeX Encoding Info:    Redeclaring text symbol \textlnot (encoding TS1) on inp
ut line 173.
LaTeX Encoding Info:    Redeclaring text symbol \textcircledP (encoding TS1) on
 input line 174.
LaTeX Encoding Info:    Redeclaring text symbol \textregistered (encoding TS1) 
on input line 175.
LaTeX Encoding Info:    Redeclaring text symbol \textasciimacron (encoding TS1)
 on input line 176.
LaTeX Encoding Info:    Redeclaring text symbol \textdegree (encoding TS1) on i
nput line 177.
LaTeX Encoding Info:    Redeclaring text symbol \textpm (encoding TS1) on input
 line 178.
LaTeX Encoding Info:    Redeclaring text symbol \texttwosuperior (encoding TS1)
 on input line 179.
LaTeX Encoding Info:    Redeclaring text symbol \textthreesuperior (encoding TS
1) on input line 180.
LaTeX Encoding Info:    Redeclaring text symbol \textasciiacute (encoding TS1) 
on input line 181.
LaTeX Encoding Info:    Redeclaring text symbol \textmu (encoding TS1) on input
 line 182.
LaTeX Encoding Info:    Redeclaring text symbol \textparagraph (encoding TS1) o
n input line 183.
LaTeX Encoding Info:    Redeclaring text symbol \textperiodcentered (encoding T
S1) on input line 184.
LaTeX Encoding Info:    Redeclaring text symbol \textreferencemark (encoding TS
1) on input line 185.
LaTeX Encoding Info:    Redeclaring text symbol \textonesuperior (encoding TS1)
 on input line 186.
LaTeX Encoding Info:    Redeclaring text symbol \textordmasculine (encoding TS1
) on input line 187.
LaTeX Encoding Info:    Redeclaring text symbol \textsurd (encoding TS1) on inp
ut line 188.
LaTeX Encoding Info:    Redeclaring text symbol \textonequarter (encoding TS1) 
on input line 189.
LaTeX Encoding Info:    Redeclaring text symbol \textonehalf (encoding TS1) on 
input line 190.
LaTeX Encoding Info:    Redeclaring text symbol \textthreequarters (encoding TS
1) on input line 191.
LaTeX Encoding Info:    Redeclaring text symbol \texteuro (encoding TS1) on inp
ut line 192.
LaTeX Encoding Info:    Redeclaring text symbol \texttimes (encoding TS1) on in
put line 193.
LaTeX Encoding Info:    Redeclaring text symbol \textdiv (encoding TS1) on inpu
t line 194.
))
\g__um_fam_int=\count542
\g__um_fonts_used_int=\count543
\l__um_primecount_int=\count544
\g__um_primekern_muskip=\muskip19

(/usr/local/texlive/2026/texmf-dist/tex/latex/unicode-math/unicode-math-table.t
ex)))

Package fontspec Info: 
(fontspec)             Font family 'XITSMath(0)' created for font 'XITS Math'
(fontspec)             with options
(fontspec)             [BoldItalicFont={},ItalicFont={},SmallCapsFont={},Script
=Math].
(fontspec)              
(fontspec)              This font family consists of the following NFSS
(fontspec)             series/shapes:
(fontspec)              
(fontspec)             - 'normal' (m/n) with NFSS spec.: <->"XITS
(fontspec)             Math/OT:script=math;language=dflt;"
(fontspec)             - 'bold' (b/n) with NFSS spec.: <->"XITS
(fontspec)             Math/B/OT:script=math;language=dflt;"


Package fontspec Info: 
(fontspec)             Font family 'XITSMath(1)' created for font 'XITS Math'
(fontspec)             with options
(fontspec)             [BoldItalicFont={},ItalicFont={},SmallCapsFont={},Script
=Math,SizeFeatures={{Size=10.5-},{Size=8.1-10.5,Font=XITS
(fontspec)             Math,Style=MathScript},{Size=-8.1,Font=XITS
(fontspec)             Math,Style=MathScriptScript}}].
(fontspec)              
(fontspec)              This font family consists of the following NFSS
(fontspec)             series/shapes:
(fontspec)              
(fontspec)             - 'normal' (m/n) with NFSS spec.: <10.5->"XITS
(fontspec)             Math/OT:script=math;language=dflt;"<8.1-10.5>"XITS
(fontspec)             Math/OT:script=math;language=dflt;+ssty=0;"<-8.1>"XITS
(fontspec)             Math/OT:script=math;language=dflt;+ssty=1;"
(fontspec)             - 'bold' (b/n) with NFSS spec.: <->"XITS
(fontspec)             Math/B/OT:script=math;language=dflt;"

LaTeX Font Info:    Encoding `OT1' has changed to `TU' for symbol font
(Font)              `operators' in the math version `normal' on input line 78.
LaTeX Font Info:    Overwriting symbol font `operators' in version `normal'
(Font)                  OT1/cmr/m/n --> TU/XITSMath(1)/m/n on input line 78.
LaTeX Font Info:    Encoding `OT1' has changed to `TU' for symbol font
(Font)              `operators' in the math version `bold' on input line 78.
LaTeX Font Info:    Overwriting symbol font `operators' in version `bold'
(Font)                  OT1/cmr/bx/n --> TU/XITSMath(1)/b/n on input line 78.

Package fontspec Info: 
(fontspec)             XITS Math scale = 1.0001.


Package fontspec Info: 
(fontspec)             XITS Math scale = 1.0001.


Package fontspec Info: 
(fontspec)             XITS Math scale = 1.0001.


Package fontspec Info: 
(fontspec)             XITS Math scale = 1.0001.


Package fontspec Info: 
(fontspec)             XITS Math/B scale = 1.0001.


Package fontspec Info: 
(fontspec)             Font family 'XITSMath(2)' created for font 'XITS Math'
(fontspec)             with options
(fontspec)             [BoldItalicFont={},ItalicFont={},SmallCapsFont={},Script
=Math,SizeFeatures={{Size=10.5-},{Size=8.1-10.5,Font=XITS
(fontspec)             Math,Style=MathScript},{Size=-8.1,Font=XITS
(fontspec)             Math,Style=MathScriptScript}},ScaleAgain=1.0001,FontAdju
stment={\fontdimen
(fontspec)             8\font =6.96pt\relax \fontdimen 9\font =5.76pt\relax
(fontspec)             \fontdimen 10\font =5.76pt\relax \fontdimen 11\font
(fontspec)             =8.4pt\relax \fontdimen 12\font =5.76pt\relax
(fontspec)             \fontdimen 13\font =4.8pt\relax \fontdimen 14\font
(fontspec)             =4.8pt\relax \fontdimen 15\font =3.3pt\relax \fontdimen
(fontspec)             16\font =3.0pt\relax \fontdimen 17\font =3.0pt\relax
(fontspec)             \fontdimen 18\font =4.5pt\relax \fontdimen 19\font
(fontspec)             =0.6pt\relax \fontdimen 22\font =3.0pt\relax \fontdimen
(fontspec)             20\font =0pt\relax \fontdimen 21\font =0pt\relax }].
(fontspec)              
(fontspec)              This font family consists of the following NFSS
(fontspec)             series/shapes:
(fontspec)              
(fontspec)             - 'normal' (m/n) with NFSS spec.:
(fontspec)             <10.5->s*[1.0001]"XITS
(fontspec)             Math/OT:script=math;language=dflt;"<8.1-10.5>s*[1.0001]"
XITS
(fontspec)             Math/OT:script=math;language=dflt;+ssty=0;"<-8.1>s*[1.00
01]"XITS
(fontspec)             Math/OT:script=math;language=dflt;+ssty=1;"
(fontspec)             - 'bold' (b/n) with NFSS spec.: <->s*[1.0001]"XITS
(fontspec)             Math/B/OT:script=math;language=dflt;"

LaTeX Font Info:    Encoding `OMS' has changed to `TU' for symbol font
(Font)              `symbols' in the math version `normal' on input line 78.
LaTeX Font Info:    Overwriting symbol font `symbols' in version `normal'
(Font)                  OMS/cmsy/m/n --> TU/XITSMath(2)/m/n on input line 78.
LaTeX Font Info:    Encoding `OMS' has changed to `TU' for symbol font
(Font)              `symbols' in the math version `bold' on input line 78.
LaTeX Font Info:    Overwriting symbol font `symbols' in version `bold'
(Font)                  OMS/cmsy/b/n --> TU/XITSMath(2)/b/n on input line 78.

Package fontspec Info: 
(fontspec)             XITS Math scale = 0.9999.


Package fontspec Info: 
(fontspec)             XITS Math scale = 0.9999.


Package fontspec Info: 
(fontspec)             XITS Math scale = 0.9999.


Package fontspec Info: 
(fontspec)             XITS Math scale = 0.9999.


Package fontspec Info: 
(fontspec)             XITS Math/B scale = 0.9999.


Package fontspec Info: 
(fontspec)             Font family 'XITSMath(3)' created for font 'XITS Math'
(fontspec)             with options
(fontspec)             [BoldItalicFont={},ItalicFont={},SmallCapsFont={},Script
=Math,SizeFeatures={{Size=10.5-},{Size=8.1-10.5,Font=XITS
(fontspec)             Math,Style=MathScript},{Size=-8.1,Font=XITS
(fontspec)             Math,Style=MathScriptScript}},ScaleAgain=0.9999,FontAdju
stment={\fontdimen
(fontspec)             8\font =0.792pt\relax \fontdimen 9\font =1.8pt\relax
(fontspec)             \fontdimen 10\font =1.8pt\relax \fontdimen 11\font
(fontspec)             =3.6pt\relax \fontdimen 12\font =7.2pt\relax \fontdimen
(fontspec)             13\font =0pt\relax }].
(fontspec)              
(fontspec)              This font family consists of the following NFSS
(fontspec)             series/shapes:
(fontspec)              
(fontspec)             - 'normal' (m/n) with NFSS spec.:
(fontspec)             <10.5->s*[0.9999]"XITS
(fontspec)             Math/OT:script=math;language=dflt;"<8.1-10.5>s*[0.9999]"
XITS
(fontspec)             Math/OT:script=math;language=dflt;+ssty=0;"<-8.1>s*[0.99
99]"XITS
(fontspec)             Math/OT:script=math;language=dflt;+ssty=1;"
(fontspec)             - 'bold' (b/n) with NFSS spec.: <->s*[0.9999]"XITS
(fontspec)             Math/B/OT:script=math;language=dflt;"

LaTeX Font Info:    Encoding `OMX' has changed to `TU' for symbol font
(Font)              `largesymbols' in the math version `normal' on input line 7
8.
LaTeX Font Info:    Overwriting symbol font `largesymbols' in version `normal'
(Font)                  OMX/cmex/m/n --> TU/XITSMath(3)/m/n on input line 78.
LaTeX Font Info:    Encoding `OMX' has changed to `TU' for symbol font
(Font)              `largesymbols' in the math version `bold' on input line 78.

LaTeX Font Info:    Overwriting symbol font `largesymbols' in version `bold'
(Font)                  OMX/cmex/m/n --> TU/XITSMath(3)/b/n on input line 78.

Package fontspec Info: 
(fontspec)             Font family 'XITSMath(4)' created for font 'XITS Math'
(fontspec)             with options
(fontspec)             [BoldItalicFont={},ItalicFont={},SmallCapsFont={},Script
=Math,SizeFeatures={{Size=10.5-},{Size=8.1-10.5,Font=XITS
(fontspec)             Math,Style=MathScript},{Size=-8.1,Font=XITS
(fontspec)             Math,Style=MathScriptScript}},StylisticSet={1}].
(fontspec)              
(fontspec)              This font family consists of the following NFSS
(fontspec)             series/shapes:
(fontspec)              
(fontspec)             - 'normal' (m/n) with NFSS spec.: <10.5->"XITS
(fontspec)             Math/OT:script=math;language=dflt;+ss01;"<8.1-10.5>"XITS

(fontspec)             Math/OT:script=math;language=dflt;+ss01;+ssty=0;"<-8.1>"
XITS
(fontspec)             Math/OT:script=math;language=dflt;+ss01;+ssty=1;"
(fontspec)             - 'bold' (b/n) with NFSS spec.: <->"XITS
(fontspec)             Math/B/OT:script=math;language=dflt;+ss01;"

\sym__um_fam1=\mathgroup11
LaTeX Font Info:    Overwriting symbol font `__um_fam1' in version `normal'
(Font)                  TU/XITSMath(4)/m/n --> TU/XITSMath(4)/m/n on input line
 79.
LaTeX Font Info:    Overwriting symbol font `__um_fam1' in version `bold'
(Font)                  TU/XITSMath(4)/m/n --> TU/XITSMath(4)/b/n on input line
 79.

Package fontspec Info: 
(fontspec)             Font family 'NotoSans(0)' created for font 'Noto Sans'
(fontspec)             with options [Ligatures=TeX,Ligatures=TeX].
(fontspec)              
(fontspec)              This font family consists of the following NFSS
(fontspec)             series/shapes:
(fontspec)              
(fontspec)             - 'normal' (m/n) with NFSS spec.: <->"Noto
(fontspec)             Sans/OT:script=latn;language=dflt;mapping=tex-text;"
(fontspec)             - 'small caps'  (m/sc) with NFSS spec.: <->"Noto
(fontspec)             Sans/OT:script=latn;language=dflt;+smcp;mapping=tex-text
;"
(fontspec)             - 'bold' (b/n) with NFSS spec.: <->"Noto
(fontspec)             Sans/B/OT:script=latn;language=dflt;mapping=tex-text;"
(fontspec)             - 'bold small caps'  (b/sc) with NFSS spec.: <->"Noto
(fontspec)             Sans/B/OT:script=latn;language=dflt;+smcp;mapping=tex-te
xt;"
(fontspec)             - 'italic' (m/it) with NFSS spec.: <->"Noto
(fontspec)             Sans/I/OT:script=latn;language=dflt;mapping=tex-text;"
(fontspec)             - 'italic small caps'  (m/scit) with NFSS spec.:
(fontspec)             <->"Noto
(fontspec)             Sans/I/OT:script=latn;language=dflt;+smcp;mapping=tex-te
xt;"
(fontspec)             - 'bold italic' (b/it) with NFSS spec.: <->"Noto
(fontspec)             Sans/BI/OT:script=latn;language=dflt;mapping=tex-text;"
(fontspec)             - 'bold italic small caps'  (b/scit) with NFSS spec.:
(fontspec)             <->"Noto
(fontspec)             Sans/BI/OT:script=latn;language=dflt;+smcp;mapping=tex-t
ext;"


Package fontspec Info: 
(fontspec)             Font family 'NotoSans(1)' created for font 'Noto Sans'
(fontspec)             with options [Ligatures=TeX].
(fontspec)              
(fontspec)              This font family consists of the following NFSS
(fontspec)             series/shapes:
(fontspec)              
(fontspec)             - 'normal' (m/n) with NFSS spec.: <->"Noto
(fontspec)             Sans/OT:script=latn;language=dflt;mapping=tex-text;"
(fontspec)             - 'small caps'  (m/sc) with NFSS spec.: <->"Noto
(fontspec)             Sans/OT:script=latn;language=dflt;+smcp;mapping=tex-text
;"
(fontspec)             - 'bold' (b/n) with NFSS spec.: <->"Noto
(fontspec)             Sans/B/OT:script=latn;language=dflt;mapping=tex-text;"
(fontspec)             - 'bold small caps'  (b/sc) with NFSS spec.: <->"Noto
(fontspec)             Sans/B/OT:script=latn;language=dflt;+smcp;mapping=tex-te
xt;"
(fontspec)             - 'italic' (m/it) with NFSS spec.: <->"Noto
(fontspec)             Sans/I/OT:script=latn;language=dflt;mapping=tex-text;"
(fontspec)             - 'italic small caps'  (m/scit) with NFSS spec.:
(fontspec)             <->"Noto
(fontspec)             Sans/I/OT:script=latn;language=dflt;+smcp;mapping=tex-te
xt;"
(fontspec)             - 'bold italic' (b/it) with NFSS spec.: <->"Noto
(fontspec)             Sans/BI/OT:script=latn;language=dflt;mapping=tex-text;"
(fontspec)             - 'bold italic small caps'  (b/scit) with NFSS spec.:
(fontspec)             <->"Noto
(fontspec)             Sans/BI/OT:script=latn;language=dflt;+smcp;mapping=tex-t
ext;"

LaTeX Font Info:    Overwriting math alphabet `\mathrm' in version `normal'
(Font)                  TU/XITSMath(1)/m/n --> TU/NotoSans(1)/m/n on input line
 80.
LaTeX Font Info:    Overwriting math alphabet `\mathit' in version `normal'
(Font)                  OT1/cmr/m/it --> TU/NotoSans(1)/m/it on input line 80.
LaTeX Font Info:    Overwriting math alphabet `\mathbf' in version `normal'
(Font)                  OT1/cmr/bx/n --> TU/NotoSans(1)/b/n on input line 80.

Package fontspec Info: 
(fontspec)             Font family 'NotoSerif(0)' created for font 'Noto
(fontspec)             Serif' with options [Ligatures=TeX,Ligatures=TeX].
(fontspec)              
(fontspec)              This font family consists of the following NFSS
(fontspec)             series/shapes:
(fontspec)              
(fontspec)             - 'normal' (m/n) with NFSS spec.: <->"Noto
(fontspec)             Serif/OT:script=latn;language=dflt;mapping=tex-text;"
(fontspec)             - 'small caps'  (m/sc) with NFSS spec.: <->"Noto
(fontspec)             Serif/OT:script=latn;language=dflt;+smcp;mapping=tex-tex
t;"
(fontspec)             - 'bold' (b/n) with NFSS spec.: <->"Noto
(fontspec)             Serif/B/OT:script=latn;language=dflt;mapping=tex-text;"
(fontspec)             - 'bold small caps'  (b/sc) with NFSS spec.: <->"Noto
(fontspec)             Serif/B/OT:script=latn;language=dflt;+smcp;mapping=tex-t
ext;"
(fontspec)             - 'italic' (m/it) with NFSS spec.: <->"Noto
(fontspec)             Serif/I/OT:script=latn;language=dflt;mapping=tex-text;"
(fontspec)             - 'italic small caps'  (m/scit) with NFSS spec.:
(fontspec)             <->"Noto
(fontspec)             Serif/I/OT:script=latn;language=dflt;+smcp;mapping=tex-t
ext;"
(fontspec)             - 'bold italic' (b/it) with NFSS spec.: <->"Noto
(fontspec)             Serif/BI/OT:script=latn;language=dflt;mapping=tex-text;"

(fontspec)             - 'bold italic small caps'  (b/scit) with NFSS spec.:
(fontspec)             <->"Noto
(fontspec)             Serif/BI/OT:script=latn;language=dflt;+smcp;mapping=tex-
text;"


Package fontspec Info: 
(fontspec)             Font family 'NotoSerif(1)' created for font 'Noto
(fontspec)             Serif' with options [Ligatures=TeX].
(fontspec)              
(fontspec)              This font family consists of the following NFSS
(fontspec)             series/shapes:
(fontspec)              
(fontspec)             - 'normal' (m/n) with NFSS spec.: <->"Noto
(fontspec)             Serif/OT:script=latn;language=dflt;mapping=tex-text;"
(fontspec)             - 'small caps'  (m/sc) with NFSS spec.: <->"Noto
(fontspec)             Serif/OT:script=latn;language=dflt;+smcp;mapping=tex-tex
t;"
(fontspec)             - 'bold' (b/n) with NFSS spec.: <->"Noto
(fontspec)             Serif/B/OT:script=latn;language=dflt;mapping=tex-text;"
(fontspec)             - 'bold small caps'  (b/sc) with NFSS spec.: <->"Noto
(fontspec)             Serif/B/OT:script=latn;language=dflt;+smcp;mapping=tex-t
ext;"
(fontspec)             - 'italic' (m/it) with NFSS spec.: <->"Noto
(fontspec)             Serif/I/OT:script=latn;language=dflt;mapping=tex-text;"
(fontspec)             - 'italic small caps'  (m/scit) with NFSS spec.:
(fontspec)             <->"Noto
(fontspec)             Serif/I/OT:script=latn;language=dflt;+smcp;mapping=tex-t
ext;"
(fontspec)             - 'bold italic' (b/it) with NFSS spec.: <->"Noto
(fontspec)             Serif/BI/OT:script=latn;language=dflt;mapping=tex-text;"

(fontspec)             - 'bold italic small caps'  (b/scit) with NFSS spec.:
(fontspec)             <->"Noto
(fontspec)             Serif/BI/OT:script=latn;language=dflt;+smcp;mapping=tex-
text;"

LaTeX Font Info:    Overwriting math alphabet `\mathsf' in version `normal'
(Font)                  OT1/cmss/m/n --> TU/NotoSerif(1)/m/n on input line 81.
LaTeX Font Info:    Overwriting math alphabet `\mathsf' in version `bold'
(Font)                  OT1/cmss/bx/n --> TU/NotoSerif(1)/b/n on input line 81.


Package fontspec Info: 
(fontspec)             Could not resolve font "Noto Sans Mono/I" (it probably
(fontspec)             doesn't exist).


Package fontspec Info: 
(fontspec)             Font family 'NotoSansMono(0)' created for font 'Noto
(fontspec)             Sans Mono' with options
(fontspec)             [WordSpace={1,0,0},HyphenChar=None,PunctuationSpace=Word
Space,Ligatures=TeX].
(fontspec)              
(fontspec)              This font family consists of the following NFSS
(fontspec)             series/shapes:
(fontspec)              
(fontspec)             - 'normal' (m/n) with NFSS spec.: <->"Noto Sans
(fontspec)             Mono/OT:script=latn;language=dflt;mapping=tex-text;"
(fontspec)             - 'small caps'  (m/sc) with NFSS spec.: <->"Noto Sans
(fontspec)             Mono/OT:script=latn;language=dflt;+smcp;mapping=tex-text
;"
(fontspec)             and font adjustment code:
(fontspec)             \fontdimen 2\font =1\fontdimen 2\font \fontdimen 3\font
(fontspec)             =0\fontdimen 3\font \fontdimen 4\font =0\fontdimen
(fontspec)             4\font \fontdimen 7\font =0\fontdimen 2\font
(fontspec)             \tex_hyphenchar:D \font =-1\scan_stop: 
(fontspec)             - 'bold' (b/n) with NFSS spec.: <->"Noto Sans
(fontspec)             Mono/B/OT:script=latn;language=dflt;mapping=tex-text;"
(fontspec)             - 'bold small caps'  (b/sc) with NFSS spec.: <->"Noto
(fontspec)             Sans
(fontspec)             Mono/B/OT:script=latn;language=dflt;+smcp;mapping=tex-te
xt;"
(fontspec)             and font adjustment code:
(fontspec)             \fontdimen 2\font =1\fontdimen 2\font \fontdimen 3\font
(fontspec)             =0\fontdimen 3\font \fontdimen 4\font =0\fontdimen
(fontspec)             4\font \fontdimen 7\font =0\fontdimen 2\font
(fontspec)             \tex_hyphenchar:D \font =-1\scan_stop: 
(fontspec)             - 'bold italic' (b/it) with NFSS spec.: <->"Noto Sans
(fontspec)             Mono/BI/OT:script=latn;language=dflt;mapping=tex-text;"
(fontspec)             - 'bold italic small caps'  (b/scit) with NFSS spec.:
(fontspec)             <->"Noto Sans
(fontspec)             Mono/BI/OT:script=latn;language=dflt;+smcp;mapping=tex-t
ext;"
(fontspec)             and font adjustment code:
(fontspec)             \fontdimen 2\font =1\fontdimen 2\font \fontdimen 3\font
(fontspec)             =0\fontdimen 3\font \fontdimen 4\font =0\fontdimen
(fontspec)             4\font \fontdimen 7\font =0\fontdimen 2\font
(fontspec)             \tex_hyphenchar:D \font =-1\scan_stop: 


Package fontspec Info: 
(fontspec)             Could not resolve font "Noto Sans Mono/I" (it probably
(fontspec)             doesn't exist).


Package fontspec Info: 
(fontspec)             Font family 'NotoSansMono(1)' created for font 'Noto
(fontspec)             Sans Mono' with options [Ligatures=TeX].
(fontspec)              
(fontspec)              This font family consists of the following NFSS
(fontspec)             series/shapes:
(fontspec)              
(fontspec)             - 'normal' (m/n) with NFSS spec.: <->"Noto Sans
(fontspec)             Mono/OT:script=latn;language=dflt;mapping=tex-text;"
(fontspec)             - 'small caps'  (m/sc) with NFSS spec.: <->"Noto Sans
(fontspec)             Mono/OT:script=latn;language=dflt;+smcp;mapping=tex-text
;"
(fontspec)             - 'bold' (b/n) with NFSS spec.: <->"Noto Sans
(fontspec)             Mono/B/OT:script=latn;language=dflt;mapping=tex-text;"
(fontspec)             - 'bold small caps'  (b/sc) with NFSS spec.: <->"Noto
(fontspec)             Sans
(fontspec)             Mono/B/OT:script=latn;language=dflt;+smcp;mapping=tex-te
xt;"
(fontspec)             - 'bold italic' (b/it) with NFSS spec.: <->"Noto Sans
(fontspec)             Mono/BI/OT:script=latn;language=dflt;mapping=tex-text;"
(fontspec)             - 'bold italic small caps'  (b/scit) with NFSS spec.:
(fontspec)             <->"Noto Sans
(fontspec)             Mono/BI/OT:script=latn;language=dflt;+smcp;mapping=tex-t
ext;"

LaTeX Font Info:    Overwriting math alphabet `\mathtt' in version `normal'
(Font)                  OT1/cmtt/m/n --> TU/NotoSansMono(1)/m/n on input line 8
2.
LaTeX Font Info:    Overwriting math alphabet `\mathtt' in version `bold'
(Font)                  OT1/cmtt/m/n --> TU/NotoSansMono(1)/b/n on input line 8
2.

Package fontspec Info: 
(fontspec)             Could not resolve font "Noto Sans CJK TC/I" (it
(fontspec)             probably doesn't exist).


Package fontspec Info: 
(fontspec)             Font family 'NotoSansCJKTC(0)' created for font 'Noto
(fontspec)             Sans CJK TC' with options
(fontspec)             [Script={CJK},Ligatures={TeX}].
(fontspec)              
(fontspec)              This font family consists of the following NFSS
(fontspec)             series/shapes:
(fontspec)              
(fontspec)             - 'normal' (m/n) with NFSS spec.: <->"Noto Sans CJK
(fontspec)             TC/OT:script=hani;language=dflt;mapping=tex-text;"
(fontspec)             - 'bold' (b/n) with NFSS spec.: <->"Noto Sans CJK
(fontspec)             TC/B/OT:script=hani;language=dflt;mapping=tex-text;"
(fontspec)             - 'bold italic' (b/it) with NFSS spec.: <->"Noto Sans
(fontspec)             CJK
(fontspec)             TC/BI/OT:script=hani;language=dflt;mapping=tex-text;"

\c@theorem=\count545
\c@lemma=\count546


Package array Warning: Redefining primitive column m on input line 613.

\c@subsubparagraph=\count547
) (/root/texmf/tex/latex/physics-patch/physics-patch.sty
Package: physics-patch Version 4.0, Mar 30, 2025, Improved version of the physi
cs package
)
Package csquotes Info: Checking for multilingual support...
Package csquotes Info: ... none found.
Package translations Info: No language package found. I am going to use `englis
h' as default language. on input line 5.

(./Ordinary Differential Equations, Dynamical Systems, and Control Theory.aux)
Runaway argument?
! File ended while scanning use of \@writefile.
<inserted text> 
                \par 
l.5 \begin{document}
                    
I suspect you have forgotten a `}', causing me
to read past where you wanted me to stop.
I'll try to recover; but if the error is serious,
you'd better type `E' or `X' now and fix your file.

 
Here is how much of TeX's memory you used:
 91774 strings out of 467805
 2304091 string characters out of 5423217
 3254973 words of memory out of 5000000
 119785 multiletter control sequences out of 15000+600000
 629539 words of font info for 87 fonts, out of 8000000 for 9000
 1348 hyphenation exceptions out of 8191
 96i,0n,110p,839b,2982s stack positions out of 10000i,1000n,20000p,200000b,200000s
No pages of output.
