This is XeTeX, Version 3.141592653-2.6-0.999997 (TeX Live 2025/Debian) (preloaded format=xelatex 2026.9.26)  27 SEP 2026 18:22
entering extended mode
 restricted \write18 enabled.
 %&-line parsing enabled.
**遺傳學.tex
(./遺傳學.tex
LaTeX2e <2025-11-01>
L3 programming layer <2026-01-19>
(/usr/share/texlive/texmf-dist/tex/latex/base/report.cls
Document Class: report 2025/01/22 v1.4n Standard LaTeX document class
(/usr/share/texlive/texmf-dist/tex/latex/base/size12.clo
File: size12.clo 2025/01/22 v1.4n Standard LaTeX file (size option)
)
\c@part=\count271
\c@chapter=\count272
\c@section=\count273
\c@subsection=\count274
\c@subsubsection=\count275
\c@paragraph=\count276
\c@subparagraph=\count277
\c@figure=\count278
\c@table=\count279
\abovecaptionskip=\skip49
\belowcaptionskip=\skip50
\bibindent=\dimen148
)
\c@ZhRenew=\count280
\c@SectionLanguage=\count281

(/home/willie/texmf/tex/latex/LaTeX-ToolKit/template.tex
(/usr/share/texlive/texmf-dist/tex/latex/geometry/geometry.sty
Package: geometry 2020/01/02 v5.9 Page Geometry

(/usr/share/texlive/texmf-dist/tex/latex/graphics/keyval.sty
Package: keyval 2022/05/29 v1.15 key=value parser (DPC)
\KV@toks@=\toks17
)
(/usr/share/texlive/texmf-dist/tex/generic/iftex/ifvtex.sty
Package: ifvtex 2019/10/25 v1.7 ifvtex legacy package. Use iftex instead.

(/usr/share/texlive/texmf-dist/tex/generic/iftex/iftex.sty
Package: iftex 2024/12/12 v1.0g TeX engine tests
))
\Gm@cnth=\count282
\Gm@cntv=\count283
\c@Gm@tempcnt=\count284
\Gm@bindingoffset=\dimen149
\Gm@wd@mp=\dimen150
\Gm@odd@mp=\dimen151
\Gm@even@mp=\dimen152
\Gm@layoutwidth=\dimen153
\Gm@layoutheight=\dimen154
\Gm@layouthoffset=\dimen155
\Gm@layoutvoffset=\dimen156
\Gm@dimlist=\toks18
)
\c@CJK=\count285
\c@markdown=\count286
\c@Fonts=\count287
\c@CJKFonts=\count288
\c@CJKLanguage=\count289
\c@NotoCJKFamily=\count290

(/usr/share/texlive/texmf-dist/tex/latex/fontspec/fontspec.sty
(/usr/share/texlive/texmf-dist/tex/latex/l3packages/xparse/xparse.sty
(/usr/share/texlive/texmf-dist/tex/latex/l3kernel/expl3.sty
Package: expl3 2026-01-19 L3 programming layer (loader) 

(/usr/share/texlive/texmf-dist/tex/latex/l3backend/l3backend-xetex.def
File: l3backend-xetex.def 2025-10-09 L3 backend support: XeTeX
\g__graphics_track_int=\count291
\g__pdfannot_backend_int=\count292
\g__pdfannot_backend_link_int=\count293
))
Package: xparse 2025-10-09 L3 Experimental document command parser
)
Package: fontspec 2025/09/29 v2.9g Font selection for XeLaTeX and LuaLaTeX

(/usr/share/texlive/texmf-dist/tex/latex/fontspec/fontspec-xetex.sty
Package: fontspec-xetex 2025/09/29 v2.9g Font selection for XeLaTeX and LuaLaTe
X
\l__fontspec_script_int=\count294
\l__fontspec_language_int=\count295
\l__fontspec_strnum_int=\count296
\l__fontspec_tmp_int=\count297
\l__fontspec_tmpa_int=\count298
\l__fontspec_tmpb_int=\count299
\l__fontspec_tmpc_int=\count300
\l__fontspec_em_int=\count301
\l__fontspec_emdef_int=\count302
\l__fontspec_strong_int=\count303
\l__fontspec_strongdef_int=\count304
\l__fontspec_tmpa_dim=\dimen157
\l__fontspec_tmpb_dim=\dimen158
\l__fontspec_tmpc_dim=\dimen159

(/usr/share/texlive/texmf-dist/tex/latex/base/fontenc.sty
Package: fontenc 2025/07/18 v2.1d Standard LaTeX package
)
(/usr/share/texlive/texmf-dist/tex/latex/fontspec/fontspec.cfg)))
(/usr/share/texlive/texmf-dist/tex/xelatex/xecjk/xeCJK.sty
Package: xeCJK 2022/08/05 v3.9.1 Typesetting CJK scripts with XeLaTeX

(/usr/share/texlive/texmf-dist/tex/latex/ctex/ctexhook.sty
Package: ctexhook 2022/07/14 v2.5.10 Document and package hooks (CTEX)
)
(/usr/share/texlive/texmf-dist/tex/latex/l3packages/xtemplate/xtemplate.sty
Package: xtemplate 2025-10-09 L3 Experimental prototype document functions
)
\l__xeCJK_tmp_int=\count305
\l__xeCJK_tmp_box=\box53
\l__xeCJK_tmp_dim=\dimen160
\l__xeCJK_tmp_skip=\skip51
\g__xeCJK_space_factor_int=\count306
\l__xeCJK_begin_int=\count307
\l__xeCJK_end_int=\count308
\c__xeCJK_CJK_class_int=\XeTeXcharclass1
\c__xeCJK_FullLeft_class_int=\XeTeXcharclass2
\c__xeCJK_FullRight_class_int=\XeTeXcharclass3
\c__xeCJK_HalfLeft_class_int=\XeTeXcharclass4
\c__xeCJK_HalfRight_class_int=\XeTeXcharclass5
\c__xeCJK_NormalSpace_class_int=\XeTeXcharclass6
\c__xeCJK_CM_class_int=\XeTeXcharclass7
\c__xeCJK_HangulJamo_class_int=\XeTeXcharclass8
\l__xeCJK_last_skip=\skip52
\c__xeCJK_none_node=\count309
\g__xeCJK_node_int=\count310
\c__xeCJK_CJK_node_dim=\dimen161
\c__xeCJK_CJK-space_node_dim=\dimen162
\c__xeCJK_default_node_dim=\dimen163
\c__xeCJK_CJK-widow_node_dim=\dimen164
\c__xeCJK_normalspace_node_dim=\dimen165
\c__xeCJK_default-space_node_skip=\skip53
\l__xeCJK_ccglue_skip=\skip54
\l__xeCJK_ecglue_skip=\skip55
\l__xeCJK_punct_kern_skip=\skip56
\l__xeCJK_indent_box=\box54
\l__xeCJK_last_penalty_int=\count311
\l__xeCJK_last_bound_dim=\dimen166
\l__xeCJK_last_kern_dim=\dimen167
\l__xeCJK_widow_penalty_int=\count312

LaTeX template Info: Declaring template type 'xeCJK/punctuation' taking 0
(template)           argument(s) on line 2396.

\l__xeCJK_fixed_punct_width_dim=\dimen168
\l__xeCJK_mixed_punct_width_dim=\dimen169
\l__xeCJK_middle_punct_width_dim=\dimen170
\l__xeCJK_fixed_margin_width_dim=\dimen171
\l__xeCJK_mixed_margin_width_dim=\dimen172
\l__xeCJK_middle_margin_width_dim=\dimen173
\l__xeCJK_bound_punct_width_dim=\dimen174
\l__xeCJK_bound_margin_width_dim=\dimen175
\l__xeCJK_margin_minimum_dim=\dimen176
\l__xeCJK_kerning_total_width_dim=\dimen177
\l__xeCJK_same_align_margin_dim=\dimen178
\l__xeCJK_different_align_margin_dim=\dimen179
\l__xeCJK_kerning_margin_width_dim=\dimen180
\l__xeCJK_kerning_margin_minimum_dim=\dimen181
\l__xeCJK_bound_dim=\dimen182
\l__xeCJK_reverse_bound_dim=\dimen183
\l__xeCJK_margin_dim=\dimen184
\l__xeCJK_minimum_bound_dim=\dimen185
\l__xeCJK_kerning_margin_dim=\dimen186
\g__xeCJK_family_int=\count313
\l__xeCJK_fam_int=\count314
\g__xeCJK_fam_allocation_int=\count315
\l__xeCJK_verb_case_int=\count316
\l__xeCJK_verb_exspace_skip=\skip57

(/usr/share/texlive/texmf-dist/tex/xelatex/xecjk/xeCJK.cfg
File: xeCJK.cfg 2022/08/05 v3.9.1 Configuration file for xeCJK package
))
(/usr/share/texlive/texmf-dist/tex/latex/zhnumber/zhnumber.sty
Package: zhnumber 2022/07/14 v3.0 Typesetting numbers with Chinese glyphs
\l__zhnum_scale_int=\count317
\l__zhnum_tmp_int=\count318

(/usr/share/texlive/texmf-dist/tex/latex/zhnumber/zhnumber-utf8.cfg
File: zhnumber-utf8.cfg 2022/07/14 v3.0 Chinese numerals with UTF8 encoding
))
(/usr/share/texlive/texmf-dist/tex/latex/etoolbox/etoolbox.sty
Package: etoolbox 2025/10/02 v2.5m e-TeX tools for LaTeX (JAW)
\etb@tempcnta=\count319
)
(/usr/share/texlive/texmf-dist/tex/latex/base/ifthen.sty
Package: ifthen 2024/03/16 v1.1e Standard LaTeX ifthen package (DPC)
)
(/usr/share/texlive/texmf-dist/tex/latex/xpatch/xpatch.sty
Package: xpatch 2020/03/25 v0.3a Extending etoolbox patching commands
)
(/usr/share/texlive/texmf-dist/tex/generic/xstring/xstring.sty
(/usr/share/texlive/texmf-dist/tex/generic/xstring/xstring.tex
\xs_counta=\count320
\xs_countb=\count321
)
Package: xstring 2023/08/22 v1.86 String manipulations (CT)
)
(/usr/share/texlive/texmf-dist/tex/latex/needspace/needspace.sty
Package: needspace 2025/03/13 v1.3e reserve vertical space
)
(/usr/share/texlive/texmf-dist/tex/latex/parskip/parskip.sty
Package: parskip 2021-03-14 v2.0h non-zero parskip adjustments

(/usr/share/texlive/texmf-dist/tex/latex/kvoptions/kvoptions.sty
Package: kvoptions 2022-06-15 v3.15 Key value format for package options (HO)

(/usr/share/texlive/texmf-dist/tex/generic/ltxcmds/ltxcmds.sty
Package: ltxcmds 2023-12-04 v1.26 LaTeX kernel commands for general use (HO)
)
(/usr/share/texlive/texmf-dist/tex/latex/kvsetkeys/kvsetkeys.sty
Package: kvsetkeys 2022-10-05 v1.19 Key value parser (HO)
)))
(/usr/share/texlive/texmf-dist/tex/latex/setspace/setspace.sty
Package: setspace 2022/12/04 v6.7b set line spacing
)
(/usr/share/texlive/texmf-dist/tex/latex/titlesec/titlesec.sty
Package: titlesec 2025/01/04 v2.17 Sectioning titles
\ttl@box=\box55
\beforetitleunit=\skip58
\aftertitleunit=\skip59
\ttl@plus=\dimen187
\ttl@minus=\dimen188
\ttl@toksa=\toks19
\titlewidth=\dimen189
\titlewidthlast=\dimen190
\titlewidthfirst=\dimen191
)
(/usr/share/texlive/texmf-dist/tex/latex/titling/titling.sty
Package: titling 2009/09/04 v2.1d maketitle typesetting
\thanksmarkwidth=\skip60
\thanksmargin=\skip61
\droptitle=\skip62
)
(/usr/share/texlive/texmf-dist/tex/latex/titlesec/titletoc.sty
Package: titletoc 2025/01/04 v2.17 TOC entries
\ttl@leftsep=\dimen192
)
(/usr/share/texlive/texmf-dist/tex/latex/nowidow/nowidow.sty
Package: nowidow 2011/09/20 1.0 Easily prevent widows and orphans
Package: nowidow 
)
(/usr/share/texlive/texmf-dist/tex/latex/amsmath/amsmath.sty
Package: amsmath 2025/07/09 v2.17z AMS math features
\@mathmargin=\skip63

For additional information on amsmath, use the `?' option.
(/usr/share/texlive/texmf-dist/tex/latex/amsmath/amstext.sty
Package: amstext 2024/11/17 v2.01 AMS text

(/usr/share/texlive/texmf-dist/tex/latex/amsmath/amsgen.sty
File: amsgen.sty 1999/11/30 v2.0 generic functions
\@emptytoks=\toks20
\ex@=\dimen193
))
(/usr/share/texlive/texmf-dist/tex/latex/amsmath/amsbsy.sty
Package: amsbsy 1999/11/29 v1.2d Bold Symbols
\pmbraise@=\dimen194
)
(/usr/share/texlive/texmf-dist/tex/latex/amsmath/amsopn.sty
Package: amsopn 2022/04/08 v2.04 operator names
)
\inf@bad=\count322
LaTeX Info: Redefining \frac on input line 233.
\uproot@=\count323
\leftroot@=\count324
LaTeX Info: Redefining \overline on input line 398.
LaTeX Info: Redefining \colon on input line 409.
\classnum@=\count325
\DOTSCASE@=\count326
LaTeX Info: Redefining \ldots on input line 495.
LaTeX Info: Redefining \dots on input line 498.
LaTeX Info: Redefining \cdots on input line 619.
\Mathstrutbox@=\box56
\strutbox@=\box57
LaTeX Info: Redefining \big on input line 721.
LaTeX Info: Redefining \Big on input line 722.
LaTeX Info: Redefining \bigg on input line 723.
LaTeX Info: Redefining \Bigg on input line 724.
\big@size=\dimen195
LaTeX Font Info:    Redeclaring font encoding OML on input line 742.
LaTeX Font Info:    Redeclaring font encoding OMS on input line 743.
\macc@depth=\count327
LaTeX Info: Redefining \bmod on input line 904.
LaTeX Info: Redefining \pmod on input line 909.
LaTeX Info: Redefining \smash on input line 939.
LaTeX Info: Redefining \relbar on input line 969.
LaTeX Info: Redefining \Relbar on input line 970.
\c@MaxMatrixCols=\count328
\dotsspace@=\muskip17
\c@parentequation=\count329
\dspbrk@lvl=\count330
\tag@help=\toks21
\row@=\count331
\column@=\count332
\maxfields@=\count333
\andhelp@=\toks22
\eqnshift@=\dimen196
\alignsep@=\dimen197
\tagshift@=\dimen198
\tagwidth@=\dimen199
\totwidth@=\dimen256
\lineht@=\dimen257
\@envbody=\toks23
\multlinegap=\skip64
\multlinetaggap=\skip65
\mathdisplay@stack=\toks24
LaTeX Info: Redefining \[ on input line 2950.
LaTeX Info: Redefining \] on input line 2951.
)
(/usr/share/texlive/texmf-dist/tex/latex/amsfonts/amssymb.sty
Package: amssymb 2013/01/14 v3.01 AMS font symbols

(/usr/share/texlive/texmf-dist/tex/latex/amsfonts/amsfonts.sty
Package: amsfonts 2013/01/14 v3.01 Basic AMSFonts support
\symAMSa=\mathgroup4
\symAMSb=\mathgroup5
LaTeX Font Info:    Redeclaring math symbol \hbar on input line 98.
LaTeX Font Info:    Overwriting math alphabet `\mathfrak' in version `bold'
(Font)                  U/euf/m/n --> U/euf/b/n on input line 106.
))
(/usr/share/texlive/texmf-dist/tex/latex/amscls/amsthm.sty
Package: amsthm 2020/05/29 v2.20.6
\thm@style=\toks25
\thm@bodyfont=\toks26
\thm@headfont=\toks27
\thm@notefont=\toks28
\thm@headpunct=\toks29
\thm@preskip=\skip66
\thm@postskip=\skip67
\thm@headsep=\skip68
\dth@everypar=\toks30
)
(/usr/share/texlive/texmf-dist/tex/latex/oberdiek/centernot.sty
Package: centernot 2016/05/16 v1.4 Centers the not symbol horizontally (HO)
)
(/usr/share/texlive/texmf-dist/tex/latex/doublestroke/dsfont.sty
Package: dsfont 1995/08/01 v0.1 Double stroke roman fonts
)
(/usr/share/texlive/texmf-dist/tex/latex/esint/esint.sty
Package: esint 
\symlargesymbolsA=\mathgroup6
)
(/usr/share/texlive/texmf-dist/tex/latex/jknapltx/mathrsfs.sty
Package: mathrsfs 1996/01/01 Math RSFS package v1.0 (jk)
\symrsfs=\mathgroup7
)
(/usr/share/texlive/texmf-dist/tex/latex/mathtools/mathtools.sty
Package: mathtools 2024/10/04 v1.31 mathematical typesetting tools

(/usr/share/texlive/texmf-dist/tex/latex/tools/calc.sty
Package: calc 2025/03/01 v4.3b Infix arithmetic (KKT,FJ)
\calc@Acount=\count334
\calc@Bcount=\count335
\calc@Adimen=\dimen258
\calc@Bdimen=\dimen259
\calc@Askip=\skip69
\calc@Bskip=\skip70
LaTeX Info: Redefining \setlength on input line 86.
LaTeX Info: Redefining \addtolength on input line 87.
\calc@Ccount=\count336
\calc@Cskip=\skip71
)
(/usr/share/texlive/texmf-dist/tex/latex/mathtools/mhsetup.sty
Package: mhsetup 2021/03/18 v1.4 programming setup (MH)
)
\g_MT_multlinerow_int=\count337
\l_MT_multwidth_dim=\dimen260
\origjot=\skip72
\l_MT_shortvdotswithinadjustabove_dim=\dimen261
\l_MT_shortvdotswithinadjustbelow_dim=\dimen262
\l_MT_above_intertext_sep=\dimen263
\l_MT_below_intertext_sep=\dimen264
\l_MT_above_shortintertext_sep=\dimen265
\l_MT_below_shortintertext_sep=\dimen266
\xmathstrut@box=\box58
\xmathstrut@dim=\dimen267
)
(/usr/share/texlive/texmf-dist/tex/latex/metalogo/metalogo.sty
Package: metalogo 2010/05/29 v0.12 Extended TeX logo macros

(/usr/share/texlive/texmf-dist/tex/latex/graphics/graphicx.sty
Package: graphicx 2024/12/31 v1.2e Enhanced LaTeX Graphics (DPC,SPQR)

(/usr/share/texlive/texmf-dist/tex/latex/graphics/graphics.sty
Package: graphics 2024/08/06 v1.4g Standard LaTeX Graphics (DPC,SPQR)

(/usr/share/texlive/texmf-dist/tex/latex/graphics/trig.sty
Package: trig 2023/12/02 v1.11 sin cos tan (DPC)
)
(/usr/share/texlive/texmf-dist/tex/latex/graphics-cfg/graphics.cfg
File: graphics.cfg 2016/06/04 v1.11 sample graphics configuration
)
Package graphics Info: Driver file: xetex.def on input line 106.

(/usr/share/texlive/texmf-dist/tex/latex/graphics-def/xetex.def
File: xetex.def 2025/11/01 v5.0p Graphics/color driver for xetex
))
\Gin@req@height=\dimen268
\Gin@req@width=\dimen269
)
(/usr/share/texlive/texmf-dist/tex/generic/iftex/ifxetex.sty
Package: ifxetex 2019/10/25 v0.7 ifxetex legacy package. Use iftex instead.
)
\xl@everylogo=\toks31
\xl@@everylogo=\toks32
LaTeX Info: Redefining \TeX on input line 193.
LaTeX Info: Redefining \LaTeX on input line 202.
LaTeX Info: Redefining \LaTeXe on input line 219.
)
(/usr/share/texlive/texmf-dist/tex/latex/stmaryrd/stmaryrd.sty
Package: stmaryrd 1994/03/03 St Mary's Road symbol package
\symstmry=\mathgroup8
LaTeX Font Info:    Overwriting symbol font `stmry' in version `bold'
(Font)                  U/stmry/m/n --> U/stmry/b/n on input line 89.
)
(/usr/share/texmf/tex/latex/tipa/tipa.sty
Package: tipa 2002/08/08 TIPA version 1.1

(/usr/share/texlive/texmf-dist/tex/latex/base/fontenc.sty
Package: fontenc 2025/07/18 v2.1d Standard LaTeX package

(/usr/share/texmf/tex/latex/tipa/t3enc.def
File: t3enc.def 2001/12/31 T3 encoding
LaTeX Font Info:    Trying to load font information for T3+lmss on input line 3
57.
LaTeX Font Info:    No file T3lmss.fd. on input line 357.
LaTeX Font Info:    Trying to load font information for T3+cmr on input line 35
7.

(/usr/share/texmf/tex/latex/tipa/t3cmr.fd
File: t3cmr.fd 2001/12/31 TIPA font definitions
)

LaTeX Font Warning: Font shape `T3/lmss/m/n' undefined
(Font)              using `T3/cmr/m/n' instead on input line 357.

))
LaTeX Encoding Info:    Redeclaring text command \textdotbreve (encoding ?) on 
input line 336.
) (/usr/share/texlive/texmf-dist/tex/latex/base/textcomp.sty
Package: textcomp 2024/04/24 v2.1b Standard LaTeX package
)
(/usr/share/texlive/texmf-dist/tex/latex/textgreek/textgreek.sty
Package: textgreek 2011/10/09 v0.7 Greek symbols in text
Package textgreek Info: Loading the definitions for the Greek fontencoding. on 
input line 39.

(/usr/share/texlive/texmf-dist/tex/latex/greek-fontenc/lgrenc.def
File: lgrenc.def 2023-09-12 2.5 LGR Greek font encoding definitions

(/usr/share/texlive/texmf-dist/tex/latex/greek-fontenc/greek-fontenc.def
File: greek-fontenc.def 2023-09-12 2.5 Common Greek font encoding definitions
LaTeX Encoding Info:    Ignoring declaration for text command \accACUTE (encodi
ng LGR) on input line 251.
LaTeX Encoding Info:    Ignoring declaration for text command \accGRAVE (encodi
ng LGR) on input line 259.
LaTeX Encoding Info:    Ignoring declaration for text command \accTILDE (encodi
ng LGR) on input line 267.
))
Package textgreek Info: Loaded fontmap: {eur/*/*}{U/eur/*/*} {phv/*/*}{U/psy/*/
*}. on input line 69.
LaTeX Encoding Info:    Redeclaring text command \textbeta (encoding ?) on inpu
t line 166.
LaTeX Encoding Info:    Redeclaring text command \textgamma (encoding ?) on inp
ut line 167.
LaTeX Encoding Info:    Redeclaring text command \textepsilon (encoding ?) on i
nput line 169.
LaTeX Encoding Info:    Redeclaring text command \texttheta (encoding ?) on inp
ut line 171.
LaTeX Encoding Info:    Redeclaring text command \textiota (encoding ?) on inpu
t line 173.
LaTeX Encoding Info:    Redeclaring text command \textlambda (encoding ?) on in
put line 175.
LaTeX Encoding Info:    Redeclaring text command \textupsilon (encoding ?) on i
nput line 188.
LaTeX Encoding Info:    Redeclaring text command \textphi (encoding ?) on input
 line 188.
LaTeX Encoding Info:    Redeclaring text command \textchi (encoding ?) on input
 line 189.
LaTeX Encoding Info:    Redeclaring text command \textomega (encoding ?) on inp
ut line 192.
)
(/usr/share/texlive/texmf-dist/tex/latex/was/upgreek.sty
Package: upgreek 2003/02/12 v2.0 (WaS)
Package upgreek Info: Using Euler Roman for upright Greek on input line 31.
\symugrf@m=\mathgroup9
LaTeX Font Info:    Overwriting symbol font `ugrf@m' in version `bold'
(Font)                  U/eur/m/n --> U/eur/b/n on input line 38.
)
(/usr/share/texlive/texmf-dist/tex/latex/wasysym/wasysym.sty
Package: wasysym 2020/01/19 v2.4 Wasy-2 symbol support package
\symwasy=\mathgroup10
LaTeX Font Info:    Overwriting symbol font `wasy' in version `bold'
(Font)                  U/wasy/m/n --> U/wasy/b/n on input line 93.
LaTeX Font Info:    Redeclaring math symbol \ocircle on input line 243.
)
(/usr/share/texlive/texmf-dist/tex/latex/yfonts/yfonts.sty
Package: yfonts 2019/04/04 v1.4 (WaS&NP)
LaTeX Encoding Info:    Redeclaring text command \" (encoding LYG) on input lin
e 58.
LaTeX Encoding Info:    Text composite with undeclared \" in encoding LYG on in
put line 58.
)
(/usr/share/texlive/texmf-dist/tex/latex/tools/array.sty
Package: array 2025/09/25 v2.6n Tabular extension package (FMi)
\col@sep=\dimen270
\ar@mcellbox=\box59
\extrarowheight=\dimen271
\NC@list=\toks33
\extratabsurround=\skip73
\backup@length=\skip74
\ar@cellbox=\box60
)
(/usr/share/texlive/texmf-dist/tex/latex/booktabs/booktabs.sty
Package: booktabs 2020/01/12 v1.61803398 Publication quality tables
\heavyrulewidth=\dimen272
\lightrulewidth=\dimen273
\cmidrulewidth=\dimen274
\belowrulesep=\dimen275
\belowbottomsep=\dimen276
\aboverulesep=\dimen277
\abovetopsep=\dimen278
\cmidrulesep=\dimen279
\cmidrulekern=\dimen280
\defaultaddspace=\dimen281
\@cmidla=\count338
\@cmidlb=\count339
\@aboverulesep=\dimen282
\@belowrulesep=\dimen283
\@thisruleclass=\count340
\@lastruleclass=\count341
\@thisrulewidth=\dimen284
)
(/usr/share/texlive/texmf-dist/tex/latex/caption/caption.sty
Package: caption 2023/08/05 v3.6o Customizing captions (AR)

(/usr/share/texlive/texmf-dist/tex/latex/caption/caption3.sty
Package: caption3 2023/07/31 v2.4d caption3 kernel (AR)
\caption@tempdima=\dimen285
\captionmargin=\dimen286
\caption@leftmargin=\dimen287
\caption@rightmargin=\dimen288
\caption@width=\dimen289
\caption@indent=\dimen290
\caption@parindent=\dimen291
\caption@hangindent=\dimen292
Package caption Info: Standard document class detected.
)
\c@caption@flags=\count342
\c@continuedfloat=\count343
)
(/usr/share/texlive/texmf-dist/tex/latex/cellspace/cellspace.sty
Package: cellspace 2022/01/04 v1.9.0 Spacing table cells (JN)

(/usr/share/texlive/texmf-dist/tex/latex/xkeyval/xkeyval.sty
Package: xkeyval 2025/11/04 v2.10 package option processing (HA)

(/usr/share/texlive/texmf-dist/tex/generic/xkeyval/xkeyval.tex
(/usr/share/texlive/texmf-dist/tex/generic/xkeyval/xkvutils.tex
\XKV@toks=\toks34
\XKV@tempa@toks=\toks35
\XKV@tempb@toks=\toks36
)
\XKV@depth=\count344
File: xkeyval.tex 2014/12/03 v2.7a key=value parser (HA)
))
\cellspacetoplimit=\dimen293
\cellspacebottomlimit=\dimen294
\cellspace@firstht=\dimen295
\cellspace@lastdp=\dimen296
)
(/usr/share/texlive/texmf-dist/tex/latex/colortbl/colortbl.sty
Package: colortbl 2024/10/29 v1.0k Color table columns (DPC)

(/usr/share/texlive/texmf-dist/tex/latex/graphics/color.sty
Package: color 2025/01/14 v1.3e Standard LaTeX Color (DPC)

(/usr/share/texlive/texmf-dist/tex/latex/graphics-cfg/color.cfg
File: color.cfg 2016/01/02 v1.6 sample color configuration
)
Package color Info: Driver file: xetex.def on input line 149.

(/usr/share/texlive/texmf-dist/tex/latex/graphics/mathcolor.ltx))
\everycr=\toks37
\minrowclearance=\skip75
\rownum=\count345
)
(/usr/share/texlive/texmf-dist/tex/latex/diagbox/diagbox.sty
Package: diagbox 2020/02/09 v2.3 Making table heads with diagonal lines

(/usr/share/texlive/texmf-dist/tex/latex/pict2e/pict2e.sty
Package: pict2e 2020/09/30 v0.4b Improved picture commands (HjG,RN,JT)

(/usr/share/texlive/texmf-dist/tex/latex/pict2e/pict2e.cfg
File: pict2e.cfg 2016/02/05 v0.1u pict2e configuration for teTeX/TeXLive
)
Package pict2e Info: Driver file: xetex.def on input line 112.
Package pict2e Info: Driver file for pict2e: p2e-xetex.def on input line 114.

(/usr/share/texlive/texmf-dist/tex/latex/pict2e/p2e-xetex.def
File: p2e-xetex.def 2016/02/05 v0.1u Driver-dependant file (RN,HjG,JT)
)
\pIIe@GRAPH=\toks38
\@arclen=\dimen297
\@arcrad=\dimen298
\pIIe@tempdima=\dimen299
\pIIe@tempdimb=\dimen300
\pIIe@tempdimc=\dimen301
\pIIe@tempdimd=\dimen302
\pIIe@tempdime=\dimen303
\pIIe@tempdimf=\dimen304
)
\diagbox@boxa=\box61
\diagbox@boxb=\box62
\diagbox@boxm=\box63
\diagbox@wd=\dimen305
\diagbox@ht=\dimen306
\diagbox@insepl=\dimen307
\diagbox@insepr=\dimen308
\diagbox@outsepl=\dimen309
\diagbox@outsepr=\dimen310
)
(/usr/share/texlive/texmf-dist/tex/latex/enumitem/enumitem.sty
Package: enumitem 2025/02/06 v3.11 Customized lists
\labelindent=\skip76
\enit@outerparindent=\dimen311
\enit@toks=\toks39
\enit@inbox=\box64
\enit@count@id=\count346
\enitdp@description=\count347
)
(/usr/share/texlive/texmf-dist/tex/latex/float/float.sty
Package: float 2001/11/08 v1.3d Float enhancements (AL)
\c@float@type=\count348
\float@exts=\toks40
\float@box=\box65
\@float@everytoks=\toks41
\@floatcapt=\box66
)
(/usr/share/texlive/texmf-dist/tex/latex/hanging/hanging.sty
Package: hanging 2009/09/02 v1.2b hanging paragraphs and punctuation
\h@ngcommawd=\skip77
\h@ngfstopwd=\skip78
\h@ngquotewd=\skip79
\h@ngdquotewd=\skip80
\h@ngquerywd=\skip81
\h@ngexclwd=\skip82
\h@ngcolonwd=\skip83
\h@ngscolonwd=\skip84
)
(/usr/share/texlive/texmf-dist/tex/latex/tools/longtable.sty
Package: longtable 2025-10-13 v4.24 Multi-page Table package (DPC)
\LTleft=\skip85
\LTright=\skip86
\LTpre=\skip87
\LTpost=\skip88
\LTchunksize=\count349
\LTcapwidth=\dimen312
\LT@head=\box67
\LT@firsthead=\box68
\LT@foot=\box69
\LT@lastfoot=\box70
\LT@gbox=\box71
\LT@cols=\count350
\LT@rows=\count351
\c@LT@tables=\count352
\c@LT@chunks=\count353
\LT@p@ftn=\toks42
)
(/usr/share/texlive/texmf-dist/tex/latex/carlisle/ltxtable.sty
Package: ltxtable 2021/06/13 v0.4 longtable/tabularx merge (DPC)

(/usr/share/texlive/texmf-dist/tex/latex/tools/tabularx.sty
Package: tabularx 2023/12/11 v2.12a `tabularx' package (DPC)
\TX@col@width=\dimen313
\TX@old@table=\dimen314
\TX@old@col=\dimen315
\TX@target=\dimen316
\TX@delta=\dimen317
\TX@cols=\count354
\TX@ftn=\toks43
))
(/usr/share/texlive/texmf-dist/tex/latex/makecell/makecell.sty
Package: makecell 2009/08/03 V0.1e Managing of Tab Column Heads and Cells
\rotheadsize=\dimen318
\c@nlinenum=\count355
\TeXr@lab=\toks44
)
(/usr/share/texlive/texmf-dist/tex/latex/mdframed/mdframed.sty
Package: mdframed 2013/07/01 1.9b: mdframed

(/usr/share/texlive/texmf-dist/tex/latex/zref/zref-abspage.sty
Package: zref-abspage 2025-06-08 v2.36 Module abspage for zref (HO)

(/usr/share/texlive/texmf-dist/tex/latex/zref/zref-base.sty
Package: zref-base 2025-06-08 v2.36 Module base for zref (HO)

(/usr/share/texlive/texmf-dist/tex/generic/infwarerr/infwarerr.sty
Package: infwarerr 2019/12/03 v1.5 Providing info/warning/error messages (HO)
)
(/usr/share/texlive/texmf-dist/tex/generic/kvdefinekeys/kvdefinekeys.sty
Package: kvdefinekeys 2019-12-19 v1.6 Define keys (HO)
)
(/usr/share/texlive/texmf-dist/tex/generic/pdftexcmds/pdftexcmds.sty
Package: pdftexcmds 2020-06-27 v0.33 Utility functions of pdfTeX for LuaTeX (HO
)
Package pdftexcmds Info: \pdf@primitive is available.
Package pdftexcmds Info: \pdf@ifprimitive is available.
Package pdftexcmds Info: \pdfdraftmode not found.
)
(/usr/share/texlive/texmf-dist/tex/generic/etexcmds/etexcmds.sty
Package: etexcmds 2019/12/15 v1.7 Avoid name clashes with e-TeX commands (HO)
)
(/usr/share/texlive/texmf-dist/tex/latex/auxhook/auxhook.sty
Package: auxhook 2019-12-17 v1.6 Hooks for auxiliary files (HO)
)
Package zref Info: New property list: main on input line 767.
Package zref Info: New property: default on input line 768.
Package zref Info: New property: page on input line 769.
)
\c@abspage=\count356
Package zref Info: New property: abspage on input line 67.
)
\mdf@templength=\skip89
\c@mdf@globalstyle@cnt=\count357
\mdf@skipabove@length=\skip90
\mdf@skipbelow@length=\skip91
\mdf@leftmargin@length=\skip92
\mdf@rightmargin@length=\skip93
\mdf@innerleftmargin@length=\skip94
\mdf@innerrightmargin@length=\skip95
\mdf@innertopmargin@length=\skip96
\mdf@innerbottommargin@length=\skip97
\mdf@splittopskip@length=\skip98
\mdf@splitbottomskip@length=\skip99
\mdf@outermargin@length=\skip100
\mdf@innermargin@length=\skip101
\mdf@linewidth@length=\skip102
\mdf@innerlinewidth@length=\skip103
\mdf@middlelinewidth@length=\skip104
\mdf@outerlinewidth@length=\skip105
\mdf@roundcorner@length=\skip106
\mdf@footenotedistance@length=\skip107
\mdf@userdefinedwidth@length=\skip108
\mdf@needspace@length=\skip109
\mdf@frametitleaboveskip@length=\skip110
\mdf@frametitlebelowskip@length=\skip111
\mdf@frametitlerulewidth@length=\skip112
\mdf@frametitleleftmargin@length=\skip113
\mdf@frametitlerightmargin@length=\skip114
\mdf@shadowsize@length=\skip115
\mdf@extratopheight@length=\skip116
\mdf@subtitleabovelinewidth@length=\skip117
\mdf@subtitlebelowlinewidth@length=\skip118
\mdf@subtitleaboveskip@length=\skip119
\mdf@subtitlebelowskip@length=\skip120
\mdf@subtitleinneraboveskip@length=\skip121
\mdf@subtitleinnerbelowskip@length=\skip122
\mdf@subsubtitleabovelinewidth@length=\skip123
\mdf@subsubtitlebelowlinewidth@length=\skip124
\mdf@subsubtitleaboveskip@length=\skip125
\mdf@subsubtitlebelowskip@length=\skip126
\mdf@subsubtitleinneraboveskip@length=\skip127
\mdf@subsubtitleinnerbelowskip@length=\skip128

(/usr/share/texlive/texmf-dist/tex/latex/mdframed/md-frame-0.mdf
File: md-frame-0.mdf 2013/07/01\ 1.9b: md-frame-0
)
\mdf@frametitlebox=\box72
\mdf@footnotebox=\box73
\mdf@splitbox@one=\box74
\mdf@splitbox@two=\box75
\mdf@splitbox@save=\box76
\mdfsplitboxwidth=\skip129
\mdfsplitboxtotalwidth=\skip130
\mdfsplitboxheight=\skip131
\mdfsplitboxdepth=\skip132
\mdfsplitboxtotalheight=\skip133
\mdfframetitleboxwidth=\skip134
\mdfframetitleboxtotalwidth=\skip135
\mdfframetitleboxheight=\skip136
\mdfframetitleboxdepth=\skip137
\mdfframetitleboxtotalheight=\skip138
\mdffootnoteboxwidth=\skip139
\mdffootnoteboxtotalwidth=\skip140
\mdffootnoteboxheight=\skip141
\mdffootnoteboxdepth=\skip142
\mdffootnoteboxtotalheight=\skip143
\mdftotallinewidth=\skip144
\mdfboundingboxwidth=\skip145
\mdfboundingboxtotalwidth=\skip146
\mdfboundingboxheight=\skip147
\mdfboundingboxdepth=\skip148
\mdfboundingboxtotalheight=\skip149
\mdf@freevspace@length=\skip150
\mdf@horizontalwidthofbox@length=\skip151
\mdf@verticalmarginwhole@length=\skip152
\mdf@horizontalspaceofbox=\skip153
\mdfsubtitleheight=\skip154
\mdfsubsubtitleheight=\skip155
\c@mdfcountframes=\count358

****** mdframed patching \endmdf@trivlist

****** -- success******

\mdf@envdepth=\count359
\c@mdf@env@i=\count360
\c@mdf@env@ii=\count361
\c@mdf@zref@counter=\count362
Package zref Info: New property: mdf@pagevalue on input line 895.
)
(/usr/share/texlive/texmf-dist/tex/latex/multirow/multirow.sty
Package: multirow 2024/11/12 v2.9 Span multiple rows of a table
\multirow@colwidth=\skip156
\multirow@cntb=\count363
\multirow@dima=\skip157
\bigstrutjot=\dimen319
)
(/usr/share/texlive/texmf-dist/tex/latex/nicematrix/nicematrix.sty
(/usr/share/texlive/texmf-dist/tex/latex/pgf/basiclayer/pgfcore.sty
(/usr/share/texlive/texmf-dist/tex/latex/pgf/systemlayer/pgfsys.sty
(/usr/share/texlive/texmf-dist/tex/latex/pgf/utilities/pgfrcs.sty
(/usr/share/texlive/texmf-dist/tex/generic/pgf/utilities/pgfutil-common.tex
\pgfutil@everybye=\toks45
\pgfutil@tempdima=\dimen320
\pgfutil@tempdimb=\dimen321
)
(/usr/share/texlive/texmf-dist/tex/generic/pgf/utilities/pgfutil-latex.def
\pgfutil@abb=\box77
)
(/usr/share/texlive/texmf-dist/tex/generic/pgf/utilities/pgfrcs.code.tex
(/usr/share/texlive/texmf-dist/tex/generic/pgf/pgf.revision.tex)
Package: pgfrcs 2025-08-29 v3.1.11a (3.1.11a)
))
(/usr/share/texlive/texmf-dist/tex/generic/pgf/systemlayer/pgfsys.code.tex
Package: pgfsys 2025-08-29 v3.1.11a (3.1.11a)

(/usr/share/texlive/texmf-dist/tex/generic/pgf/utilities/pgfkeys.code.tex
\pgfkeys@pathtoks=\toks46
\pgfkeys@temptoks=\toks47

(/usr/share/texlive/texmf-dist/tex/generic/pgf/utilities/pgfkeyslibraryfiltered
.code.tex
\pgfkeys@tmptoks=\toks48
))
\pgf@x=\dimen322
\pgf@y=\dimen323
\pgf@xa=\dimen324
\pgf@ya=\dimen325
\pgf@xb=\dimen326
\pgf@yb=\dimen327
\pgf@xc=\dimen328
\pgf@yc=\dimen329
\pgf@xd=\dimen330
\pgf@yd=\dimen331
\w@pgf@writea=\write3
\r@pgf@reada=\read2
\c@pgf@counta=\count364
\c@pgf@countb=\count365
\c@pgf@countc=\count366
\c@pgf@countd=\count367
\t@pgf@toka=\toks49
\t@pgf@tokb=\toks50
\t@pgf@tokc=\toks51
\pgf@sys@id@count=\count368
 (/usr/share/texlive/texmf-dist/tex/generic/pgf/systemlayer/pgf.cfg
File: pgf.cfg 2025-08-29 v3.1.11a (3.1.11a)
)
Driver file for pgf: pgfsys-xetex.def
(/usr/share/texlive/texmf-dist/tex/generic/pgf/systemlayer/pgfsys-xetex.def
File: pgfsys-xetex.def 2025-08-29 v3.1.11a (3.1.11a)

(/usr/share/texlive/texmf-dist/tex/generic/pgf/systemlayer/pgfsys-dvipdfmx.def
File: pgfsys-dvipdfmx.def 2025-08-29 v3.1.11a (3.1.11a)

(/usr/share/texlive/texmf-dist/tex/generic/pgf/systemlayer/pgfsys-common-pdf.de
f
File: pgfsys-common-pdf.def 2025-08-29 v3.1.11a (3.1.11a)
)
\pgfsys@objnum=\count369
)))
(/usr/share/texlive/texmf-dist/tex/generic/pgf/systemlayer/pgfsyssoftpath.code.
tex
File: pgfsyssoftpath.code.tex 2025-08-29 v3.1.11a (3.1.11a)
\pgfsyssoftpath@smallbuffer@items=\count370
\pgfsyssoftpath@bigbuffer@items=\count371
)
(/usr/share/texlive/texmf-dist/tex/generic/pgf/systemlayer/pgfsysprotocol.code.
tex
File: pgfsysprotocol.code.tex 2025-08-29 v3.1.11a (3.1.11a)
)) (/usr/share/texlive/texmf-dist/tex/latex/xcolor/xcolor.sty
Package: xcolor 2024/09/29 v3.02 LaTeX color extensions (UK)

(/usr/share/texlive/texmf-dist/tex/latex/graphics-cfg/color.cfg
File: color.cfg 2016/01/02 v1.6 sample color configuration
)
Package xcolor Info: Driver file: xetex.def on input line 274.
LaTeX Info: Redefining \color on input line 762.

(/usr/share/texlive/texmf-dist/tex/latex/graphics/mathcolor.ltx)
Package xcolor Info: Model `cmy' substituted by `cmy0' on input line 1349.
Package xcolor Info: Model `RGB' extended on input line 1365.
Package xcolor Info: Model `HTML' substituted by `rgb' on input line 1367.
Package xcolor Info: Model `Hsb' substituted by `hsb' on input line 1368.
Package xcolor Info: Model `tHsb' substituted by `hsb' on input line 1369.
Package xcolor Info: Model `HSB' substituted by `hsb' on input line 1370.
Package xcolor Info: Model `Gray' substituted by `gray' on input line 1371.
Package xcolor Info: Model `wave' substituted by `hsb' on input line 1372.
)
(/usr/share/texlive/texmf-dist/tex/generic/pgf/basiclayer/pgfcore.code.tex
Package: pgfcore 2025-08-29 v3.1.11a (3.1.11a)

(/usr/share/texlive/texmf-dist/tex/generic/pgf/math/pgfmath.code.tex
(/usr/share/texlive/texmf-dist/tex/generic/pgf/math/pgfmathutil.code.tex)
(/usr/share/texlive/texmf-dist/tex/generic/pgf/math/pgfmathparser.code.tex
\pgfmath@dimen=\dimen332
\pgfmath@count=\count372
\pgfmath@box=\box78
\pgfmath@toks=\toks52
\pgfmath@stack@operand=\toks53
\pgfmath@stack@operation=\toks54
)
(/usr/share/texlive/texmf-dist/tex/generic/pgf/math/pgfmathfunctions.code.tex)
(/usr/share/texlive/texmf-dist/tex/generic/pgf/math/pgfmathfunctions.basic.code
.tex)
(/usr/share/texlive/texmf-dist/tex/generic/pgf/math/pgfmathfunctions.trigonomet
ric.code.tex)
(/usr/share/texlive/texmf-dist/tex/generic/pgf/math/pgfmathfunctions.random.cod
e.tex)
(/usr/share/texlive/texmf-dist/tex/generic/pgf/math/pgfmathfunctions.comparison
.code.tex)
(/usr/share/texlive/texmf-dist/tex/generic/pgf/math/pgfmathfunctions.base.code.
tex)
(/usr/share/texlive/texmf-dist/tex/generic/pgf/math/pgfmathfunctions.round.code
.tex)
(/usr/share/texlive/texmf-dist/tex/generic/pgf/math/pgfmathfunctions.misc.code.
tex)
(/usr/share/texlive/texmf-dist/tex/generic/pgf/math/pgfmathfunctions.integerari
thmetics.code.tex)
(/usr/share/texlive/texmf-dist/tex/generic/pgf/math/pgfmathcalc.code.tex)
(/usr/share/texlive/texmf-dist/tex/generic/pgf/math/pgfmathfloat.code.tex
\c@pgfmathroundto@lastzeros=\count373
))
(/usr/share/texlive/texmf-dist/tex/generic/pgf/math/pgfint.code.tex)
(/usr/share/texlive/texmf-dist/tex/generic/pgf/basiclayer/pgfcorepoints.code.te
x
File: pgfcorepoints.code.tex 2025-08-29 v3.1.11a (3.1.11a)
\pgf@picminx=\dimen333
\pgf@picmaxx=\dimen334
\pgf@picminy=\dimen335
\pgf@picmaxy=\dimen336
\pgf@pathminx=\dimen337
\pgf@pathmaxx=\dimen338
\pgf@pathminy=\dimen339
\pgf@pathmaxy=\dimen340
\pgf@xx=\dimen341
\pgf@xy=\dimen342
\pgf@yx=\dimen343
\pgf@yy=\dimen344
\pgf@zx=\dimen345
\pgf@zy=\dimen346
)
(/usr/share/texlive/texmf-dist/tex/generic/pgf/basiclayer/pgfcorepathconstruct.
code.tex
File: pgfcorepathconstruct.code.tex 2025-08-29 v3.1.11a (3.1.11a)
\pgf@path@lastx=\dimen347
\pgf@path@lasty=\dimen348
)
(/usr/share/texlive/texmf-dist/tex/generic/pgf/basiclayer/pgfcorepathusage.code
.tex
File: pgfcorepathusage.code.tex 2025-08-29 v3.1.11a (3.1.11a)
\pgf@shorten@end@additional=\dimen349
\pgf@shorten@start@additional=\dimen350
)
(/usr/share/texlive/texmf-dist/tex/generic/pgf/basiclayer/pgfcorescopes.code.te
x
File: pgfcorescopes.code.tex 2025-08-29 v3.1.11a (3.1.11a)
\pgfpic=\box79
\pgf@hbox=\box80
\pgf@layerbox@main=\box81
\pgf@picture@serial@count=\count374
)
(/usr/share/texlive/texmf-dist/tex/generic/pgf/basiclayer/pgfcoregraphicstate.c
ode.tex
File: pgfcoregraphicstate.code.tex 2025-08-29 v3.1.11a (3.1.11a)
\pgflinewidth=\dimen351
)
(/usr/share/texlive/texmf-dist/tex/generic/pgf/basiclayer/pgfcoretransformation
s.code.tex
File: pgfcoretransformations.code.tex 2025-08-29 v3.1.11a (3.1.11a)
\pgf@pt@x=\dimen352
\pgf@pt@y=\dimen353
\pgf@pt@temp=\dimen354
)
(/usr/share/texlive/texmf-dist/tex/generic/pgf/basiclayer/pgfcorequick.code.tex
File: pgfcorequick.code.tex 2025-08-29 v3.1.11a (3.1.11a)
)
(/usr/share/texlive/texmf-dist/tex/generic/pgf/basiclayer/pgfcoreobjects.code.t
ex
File: pgfcoreobjects.code.tex 2025-08-29 v3.1.11a (3.1.11a)
)
(/usr/share/texlive/texmf-dist/tex/generic/pgf/basiclayer/pgfcorepathprocessing
.code.tex
File: pgfcorepathprocessing.code.tex 2025-08-29 v3.1.11a (3.1.11a)
)
(/usr/share/texlive/texmf-dist/tex/generic/pgf/basiclayer/pgfcorearrows.code.te
x
File: pgfcorearrows.code.tex 2025-08-29 v3.1.11a (3.1.11a)
\pgfarrowsep=\dimen355
)
(/usr/share/texlive/texmf-dist/tex/generic/pgf/basiclayer/pgfcoreshade.code.tex
File: pgfcoreshade.code.tex 2025-08-29 v3.1.11a (3.1.11a)
\pgf@max=\dimen356
\pgf@sys@shading@range@num=\count375
\pgf@shadingcount=\count376
)
(/usr/share/texlive/texmf-dist/tex/generic/pgf/basiclayer/pgfcoreimage.code.tex
File: pgfcoreimage.code.tex 2025-08-29 v3.1.11a (3.1.11a)
)
(/usr/share/texlive/texmf-dist/tex/generic/pgf/basiclayer/pgfcoreexternal.code.
tex
File: pgfcoreexternal.code.tex 2025-08-29 v3.1.11a (3.1.11a)
\pgfexternal@startupbox=\box82
)
(/usr/share/texlive/texmf-dist/tex/generic/pgf/basiclayer/pgfcorelayers.code.te
x
File: pgfcorelayers.code.tex 2025-08-29 v3.1.11a (3.1.11a)
)
(/usr/share/texlive/texmf-dist/tex/generic/pgf/basiclayer/pgfcoretransparency.c
ode.tex
File: pgfcoretransparency.code.tex 2025-08-29 v3.1.11a (3.1.11a)
)
(/usr/share/texlive/texmf-dist/tex/generic/pgf/basiclayer/pgfcorepatterns.code.
tex
File: pgfcorepatterns.code.tex 2025-08-29 v3.1.11a (3.1.11a)
)
(/usr/share/texlive/texmf-dist/tex/generic/pgf/basiclayer/pgfcorerdf.code.tex
File: pgfcorerdf.code.tex 2025-08-29 v3.1.11a (3.1.11a)
)))
(/usr/share/texlive/texmf-dist/tex/generic/pgf/modules/pgfmoduleshapes.code.tex
File: pgfmoduleshapes.code.tex 2025-08-29 v3.1.11a (3.1.11a)
\pgfnodeparttextbox=\box83
)
Package: nicematrix 2026/01/05 v7.5a Enhanced arrays with the help of PGF/TikZ
\l__nicematrix_tmpc_dim=\dimen357
\l__nicematrix_tmpd_dim=\dimen358
\l__nicematrix_tmpc_int=\count377
\g__nicematrix_env_int=\count378
\l__nicematrix_the_array_box=\box84
\g__nicematrix_NiceMatrixBlock_int=\count379
\g__nicematrix_notes_caption_int=\count380
\l__nicematrix_columns_width_dim=\dimen359
\l__nicematrix_col_width_dim=\dimen360
\g__nicematrix_row_total_int=\count381
\g__nicematrix_col_total_int=\count382
\g__nicematrix_last_row_node_int=\count383
\l__nicematrix_key_nb_rows_int=\count384
\g__nicematrix_blocks_wd_dim=\dimen361
\g__nicematrix_blocks_ht_dim=\dimen362
\g__nicematrix_blocks_dp_dim=\dimen363
\l__nicematrix_width_dim=\dimen364
\l__nicematrix_tabular_width_dim=\dimen365
\l__nicematrix_rule_width_dim=\dimen366
\l__nicematrix_old_iRow_int=\count385
\l__nicematrix_old_jCol_int=\count386
\l__nicematrix_X_columns_dim=\dimen367
\l__nicematrix_brace_shift_dim=\dimen368
\l__nicematrix_x_initial_dim=\dimen369
\l__nicematrix_y_initial_dim=\dimen370
\l__nicematrix_x_final_dim=\dimen371
\l__nicematrix_y_final_dim=\dimen372
\g__nicematrix_dp_row_zero_dim=\dimen373
\g__nicematrix_ht_row_zero_dim=\dimen374
\g__nicematrix_ht_row_one_dim=\dimen375
\g__nicematrix_dp_ante_last_row_dim=\dimen376
\g__nicematrix_ht_last_row_dim=\dimen377
\g__nicematrix_dp_last_row_dim=\dimen378
\g__nicematrix_width_last_col_dim=\dimen379
\g__nicematrix_width_first_col_dim=\dimen380
\g__nicematrix_ddots_int=\count387
\g__nicematrix_iddots_int=\count388
\g__nicematrix_delta_x_one_dim=\dimen381
\g__nicematrix_delta_y_one_dim=\dimen382
\g__nicematrix_delta_x_two_dim=\dimen383
\g__nicematrix_delta_y_two_dim=\dimen384
\l__nicematrix_row_min_int=\count389
\l__nicematrix_row_max_int=\count390
\l__nicematrix_col_min_int=\count391
\l__nicematrix_col_max_int=\count392
\l__nicematrix_initial_i_int=\count393
\l__nicematrix_initial_j_int=\count394
\l__nicematrix_final_i_int=\count395
\l__nicematrix_final_j_int=\count396
\l__nicematrix_start_int=\count397
\l__nicematrix_end_int=\count398
\l__nicematrix_local_start_int=\count399
\l__nicematrix_local_end_int=\count400
\g__nicematrix_static_num_of_col_int=\count401
\l__nicematrix_rounded_corners_dim=\dimen385
\l__nicematrix_tab_rounded_corners_dim=\dimen386
\l__nicematrix_offset_dim=\dimen387
\l__nicematrix_line_width_dim=\dimen388
\g__nicematrix_block_box_int=\count402
\l__nicematrix_submatrix_extra_height_dim=\dimen389
\l__nicematrix_submatrix_left_xshift_dim=\dimen390
\l__nicematrix_submatrix_right_xshift_dim=\dimen391
\l__nicematrix_first_row_int=\count403
\l__nicematrix_first_col_int=\count404
\l__nicematrix_last_row_int=\count405
\l__nicematrix_last_col_int=\count406
\c@tabularnote=\count407
\g__nicematrix_tabularnote_int=\count408
\c@nicematrix_draft=\count409
\l__nicematrix_cell_space_top_limit_dim=\dimen392
\l__nicematrix_cell_space_bottom_limit_dim=\dimen393
\l__nicematrix_xdots_inter_dim=\dimen394
\l__nicematrix_xdots_shorten_start_dim=\dimen395
\l__nicematrix_xdots_shorten_end_dim=\dimen396
\l__nicematrix_xdots_radius_dim=\dimen397
\l__nicematrix_left_margin_dim=\dimen398
\l__nicematrix_right_margin_dim=\dimen399
\l__nicematrix_extra_left_margin_dim=\dimen400
\l__nicematrix_extra_right_margin_dim=\dimen401
\c__nicematrix_max_l_dim=\dimen402
\l__nicematrix_position_int=\count410
\l__nicematrix_multiplicity_int=\count411
\l__nicematrix_brace_yshift_dim=\dimen403
) (/usr/share/texlive/texmf-dist/tex/latex/placeins/placeins.sty
Package: placeins 2005/04/18  v 2.2
)
(/usr/share/texlive/texmf-dist/tex/latex/ragged2e/ragged2e.sty
Package: ragged2e 2023/06/22 v3.6 ragged2e Package
\CenteringLeftskip=\skip158
\RaggedLeftLeftskip=\skip159
\RaggedRightLeftskip=\skip160
\CenteringRightskip=\skip161
\RaggedLeftRightskip=\skip162
\RaggedRightRightskip=\skip163
\CenteringParfillskip=\skip164
\RaggedLeftParfillskip=\skip165
\RaggedRightParfillskip=\skip166
\JustifyingParfillskip=\skip167
\CenteringParindent=\skip168
\RaggedLeftParindent=\skip169
\RaggedRightParindent=\skip170
\JustifyingParindent=\skip171
)
(/usr/share/texlive/texmf-dist/tex/latex/caption/subcaption.sty
Package: subcaption 2023/07/28 v1.6b Sub-captions (AR)
Package caption Info: New subtype `subfigure' on input line 238.
\c@subfigure=\count412
Package caption Info: New subtype `subtable' on input line 238.
\c@subtable=\count413
)
(/usr/share/texlive/texmf-dist/tex/latex/tabu/tabu.sty
Package: tabu 2019/01/11 v2.9 - flexible LaTeX tabulars (FC+tabu-fixed) + inter
mediate FMi

(/usr/share/texlive/texmf-dist/tex/latex/varwidth/varwidth.sty
Package: varwidth 2009/03/30 ver 0.92;  Variable-width minipages
\@vwid@box=\box85
\sift@deathcycles=\count414
\@vwid@loff=\dimen404
\@vwid@roff=\dimen405
)
==> First Aid for varwidth.sty applied!
\c@taburow=\count415
\tabu@nbcols=\count416
\tabu@cnt=\count417
\tabu@Xcol=\count418
\tabu@alloc=\count419
\tabu@nested=\count420
\tabu@target=\dimen406
\tabu@spreadtarget=\dimen407
\tabu@naturalX=\dimen408
\tabucolX=\dimen409
\tabu@Xsum=\dimen410
\extrarowdepth=\dimen411
\abovetabulinesep=\dimen412
\belowtabulinesep=\dimen413
\tabustrutrule=\dimen414
\tabu@thebody=\toks55
\tabu@footnotes=\toks56
\tabu@box=\box86
\tabu@arstrutbox=\box87
\tabu@hleads=\box88
\tabu@vleads=\box89
\tabu@cellskip=\skip172
) (/usr/share/texlive/texmf-dist/tex/latex/braket/braket.sty)
(/usr/share/texlive/texmf-dist/tex/generic/chemfig/chemfig.sty
(/usr/share/texlive/texmf-dist/tex/latex/pgf/frontendlayer/tikz.sty
(/usr/share/texlive/texmf-dist/tex/latex/pgf/basiclayer/pgf.sty
Package: pgf 2025-08-29 v3.1.11a (3.1.11a)

(/usr/share/texlive/texmf-dist/tex/generic/pgf/modules/pgfmoduleplot.code.tex
File: pgfmoduleplot.code.tex 2025-08-29 v3.1.11a (3.1.11a)
)
(/usr/share/texlive/texmf-dist/tex/latex/pgf/compatibility/pgfcomp-version-0-65
.sty
Package: pgfcomp-version-0-65 2025-08-29 v3.1.11a (3.1.11a)
\pgf@nodesepstart=\dimen415
\pgf@nodesepend=\dimen416
)
(/usr/share/texlive/texmf-dist/tex/latex/pgf/compatibility/pgfcomp-version-1-18
.sty
Package: pgfcomp-version-1-18 2025-08-29 v3.1.11a (3.1.11a)
)) (/usr/share/texlive/texmf-dist/tex/latex/pgf/utilities/pgffor.sty
(/usr/share/texlive/texmf-dist/tex/latex/pgf/utilities/pgfkeys.sty
(/usr/share/texlive/texmf-dist/tex/generic/pgf/utilities/pgfkeys.code.tex))
(/usr/share/texlive/texmf-dist/tex/latex/pgf/math/pgfmath.sty
(/usr/share/texlive/texmf-dist/tex/generic/pgf/math/pgfmath.code.tex))
(/usr/share/texlive/texmf-dist/tex/generic/pgf/utilities/pgffor.code.tex
Package: pgffor 2025-08-29 v3.1.11a (3.1.11a)
\pgffor@iter=\dimen417
\pgffor@skip=\dimen418
\pgffor@stack=\toks57
\pgffor@toks=\toks58
))
(/usr/share/texlive/texmf-dist/tex/generic/pgf/frontendlayer/tikz/tikz.code.tex
Package: tikz 2025-08-29 v3.1.11a (3.1.11a)

(/usr/share/texlive/texmf-dist/tex/generic/pgf/libraries/pgflibraryplothandlers
.code.tex
File: pgflibraryplothandlers.code.tex 2025-08-29 v3.1.11a (3.1.11a)
\pgf@plot@mark@count=\count421
\pgfplotmarksize=\dimen419
)
\tikz@lastx=\dimen420
\tikz@lasty=\dimen421
\tikz@lastxsaved=\dimen422
\tikz@lastysaved=\dimen423
\tikz@lastmovetox=\dimen424
\tikz@lastmovetoy=\dimen425
\tikzleveldistance=\dimen426
\tikzsiblingdistance=\dimen427
\tikz@figbox=\box90
\tikz@figbox@bg=\box91
\tikz@tempbox=\box92
\tikz@tempbox@bg=\box93
\tikztreelevel=\count422
\tikznumberofchildren=\count423
\tikznumberofcurrentchild=\count424
\tikz@fig@count=\count425

(/usr/share/texlive/texmf-dist/tex/generic/pgf/modules/pgfmodulematrix.code.tex
File: pgfmodulematrix.code.tex 2025-08-29 v3.1.11a (3.1.11a)
\pgfmatrixcurrentrow=\count426
\pgfmatrixcurrentcolumn=\count427
\pgf@matrix@numberofcolumns=\count428
)
\tikz@expandcount=\count429

(/usr/share/texlive/texmf-dist/tex/generic/pgf/frontendlayer/tikz/libraries/tik
zlibrarytopaths.code.tex
File: tikzlibrarytopaths.code.tex 2025-08-29 v3.1.11a (3.1.11a)
)))
(/usr/share/texlive/texmf-dist/tex/generic/chemfig/chemfig.tex
(/usr/share/texlive/texmf-dist/tex/generic/simplekv/simplekv.tex
Package: simplekv 2025/06/15 v0.32 Simple keyval package (CT)
)
(/usr/share/texlive/texmf-dist/tex/generic/pgf/libraries/pgflibraryarrows.meta.
code.tex
File: pgflibraryarrows.meta.code.tex 2025-08-29 v3.1.11a (3.1.11a)
\pgfarrowinset=\dimen428
\pgfarrowlength=\dimen429
\pgfarrowwidth=\dimen430
\pgfarrowlinewidth=\dimen431
)
\CF_cnt_atomgroup=\count430
\CF_cnt_group=\count431
\CF_cnt_atom=\count432
\CF_cnt_cycle=\count433
\CF_cnt_cyclebonds=\count434
\CF_cnt_compound=\count435
\CF_dim=\dimen432
\CF_turnangle=\dimen433
\CF_arrowsize=\dimen434
\CF_zero=\dimen435
\CF_box=\box94
\CF_boxstuff=\box95
\CF_testbox=\box96
\CF_chargebox=\box97
\CF_substtoks=\toks59
\CF_harrow_boxup=\box98
\CF_harrow_boxdown=\box99
\CF_hreact_cnt=\count436
)
Package: chemfig 2025/10/30 v1.71 Draw molecule with an easy syntax (CT)
) (/usr/share/texlive/texmf-dist/tex/latex/csquotes/csquotes.sty
Package: csquotes 2024-04-04 v5.2o context-sensitive quotations (JAW)
\csq@reset=\count437
\csq@gtype=\count438
\csq@glevel=\count439
\csq@qlevel=\count440
\csq@maxlvl=\count441
\csq@tshold=\count442
\csq@ltx@everypar=\toks60

(/usr/share/texlive/texmf-dist/tex/latex/csquotes/csquotes.def
File: csquotes.def 2024-04-04 v5.2o csquotes generic definitions (JAW)
)
Package csquotes Info: Trying to load configuration file 'csquotes.cfg'...
Package csquotes Info: ... configuration file loaded successfully.

(/usr/share/texlive/texmf-dist/tex/latex/csquotes/csquotes.cfg
File: csquotes.cfg 
))
(/usr/share/texlive/texmf-dist/tex/latex/csvsimple/csvsimple.sty
Package: csvsimple 2024/09/27 v2.7.0 LaTeX CSV file processing
)
(/usr/share/texlive/texmf-dist/tex/latex/csvsimple/csvsimple-legacy.sty
Package: csvsimple-legacy 2024/09/27 version 2.7.0 LaTeX2e CSV file processing

(/usr/share/texlive/texmf-dist/tex/latex/tools/shellesc.sty
Package: shellesc 2023/07/08 v1.0d unified shell escape interface for LaTeX
Package shellesc Info: Restricted shell escape enabled on input line 77.
)
\csv@file=\read3
\c@csvinputline=\count443
\c@csvrow=\count444
\c@csvcol=\count445
\csv@out=\write4
)
(/usr/share/texlive/texmf-dist/tex/latex/derivative/derivative.sty
(/usr/share/texlive/texmf-dist/tex/latex/l3packages/l3keys2e/l3keys2e.sty
Package: l3keys2e 2025-10-09 LaTeX2e option processing using LaTeX3 keys
)
Package: derivative 2024/02/08 v1.4 Nice and easy derivatives and differentials
 for LaTeX
\l__deriv_gcd_counter_int=\count446
\l__deriv_vmo_int=\count447
\l__deriv_var_count_int=\count448
\l__deriv_tmpa_int=\count449
\l__deriv_tmpb_int=\count450
\l__deriv_seq_pos_int=\count451
\l__deriv_sort_max_int=\count452
)
(/usr/share/texlive/texmf-dist/tex/latex/listings/listings.sty
\lst@mode=\count453
\lst@gtempboxa=\box100
\lst@token=\toks61
\lst@length=\count454
\lst@currlwidth=\dimen436
\lst@column=\count455
\lst@pos=\count456
\lst@lostspace=\dimen437
\lst@width=\dimen438
\lst@newlines=\count457
\lst@lineno=\count458
\lst@maxwidth=\dimen439

(/usr/share/texlive/texmf-dist/tex/latex/listings/lstpatch.sty
File: lstpatch.sty 2025/11/14 1.11b (Carsten Heinz)
)
(/usr/share/texlive/texmf-dist/tex/latex/listings/lstmisc.sty
File: lstmisc.sty 2025/11/14 1.11b (Carsten Heinz)
\c@lstnumber=\count459
\lst@skipnumbers=\count460
\lst@framebox=\box101
)
(/usr/share/texlive/texmf-dist/tex/latex/listings/listings.cfg
File: listings.cfg 2025/11/14 1.11b listings configuration
))
Package: listings 2025/11/14 1.11b (Carsten Heinz)

(/usr/share/texlive/texmf-dist/tex/xelatex/xecjk/xeCJK-listings.sty
Package: xeCJK-listings 2022/08/05 v3.9.1 xeCJK patch file for listings
\l__xeCJK_listings_max_char_int=\count461
\l__xeCJK_listings_flag_int=\count462
)
==> First Aid for listings.sty no longer applied!
    Expected:
        2024/09/23 1.10c (Carsten Heinz)
    but found:
        2025/11/14 1.11b (Carsten Heinz)
    so I'm assuming it got fixed.
(/usr/share/texlive/texmf-dist/tex/latex/listingsutf8/listingsutf8.sty
Package: listingsutf8 2019-12-10 v1.5 Allow UTF-8 in listings input (HO)


Package listingsutf8 Warning: Package loading is aborted because of missing \pd
f@unescapehex.
(listingsutf8)                It is provided by pdfTeX >= 1.30.

) (/usr/share/texlive/texmf-dist/tex/latex/pdfpages/pdfpages.sty
Package: pdfpages 2025/07/23 v0.6g Insert pages of external PDF documents (AM)

(/usr/share/texlive/texmf-dist/tex/latex/eso-pic/eso-pic.sty
Package: eso-pic 2025/12/10 v3.0d eso-pic (RN)
\ESO@tempdima=\dimen440
\ESO@tempdimb=\dimen441
)
\AM@pagewidth=\dimen442
\AM@pageheight=\dimen443
\AM@fboxrule=\dimen444

(/usr/share/texlive/texmf-dist/tex/latex/pdfpages/ppxetex.def
File: ppxetex.def 2025/07/23 v0.6g Pdfpages driver for XeTeX (AM)
)
\pdfpages@includegraphics@status=\count463
\AM@pagebox=\box102
\AM@global@opts=\toks62
\AM@pagecnt=\count464
\AM@toc@title=\toks63
\AM@lof@heading=\toks64
\c@AM@survey=\count465
\AM@templatesizebox=\box103
)
(/usr/share/texlive/texmf-dist/tex/latex/tools/verbatim.sty
Package: verbatim 2024-01-22 v1.5x LaTeX2e package for verbatim enhancements
\every@verbatim=\toks65
\verbatim@line=\toks66
\verbatim@in@stream=\read4
)
(/usr/share/texlive/texmf-dist/tex/generic/pgf/frontendlayer/tikz/libraries/cir
cuits/tikzlibrarycircuits.ee.IEC.code.tex
(/usr/share/texlive/texmf-dist/tex/generic/pgf/frontendlayer/tikz/libraries/tik
zlibraryarrows.code.tex
File: tikzlibraryarrows.code.tex 2025-08-29 v3.1.11a (3.1.11a)

(/usr/share/texlive/texmf-dist/tex/generic/pgf/libraries/pgflibraryarrows.code.
tex
File: pgflibraryarrows.code.tex 2025-08-29 v3.1.11a (3.1.11a)
\arrowsize=\dimen445
))
(/usr/share/texlive/texmf-dist/tex/generic/pgf/frontendlayer/tikz/libraries/cir
cuits/tikzlibrarycircuits.ee.code.tex
(/usr/share/texlive/texmf-dist/tex/generic/pgf/frontendlayer/tikz/libraries/cir
cuits/tikzlibrarycircuits.code.tex
(/usr/share/texlive/texmf-dist/tex/generic/pgf/frontendlayer/tikz/libraries/tik
zlibrarycalc.code.tex
File: tikzlibrarycalc.code.tex 2025-08-29 v3.1.11a (3.1.11a)
)
(/usr/share/texlive/texmf-dist/tex/generic/pgf/frontendlayer/tikz/libraries/tik
zlibrarydecorations.markings.code.tex
(/usr/share/texlive/texmf-dist/tex/generic/pgf/frontendlayer/tikz/libraries/tik
zlibrarydecorations.code.tex
(/usr/share/texlive/texmf-dist/tex/generic/pgf/modules/pgfmoduledecorations.cod
e.tex
\pgfdecoratedcompleteddistance=\dimen446
\pgfdecoratedremainingdistance=\dimen447
\pgfdecoratedinputsegmentcompleteddistance=\dimen448
\pgfdecoratedinputsegmentremainingdistance=\dimen449
\pgf@decorate@distancetomove=\dimen450
\pgf@decorate@repeatstate=\count466
\pgfdecorationsegmentamplitude=\dimen451
\pgfdecorationsegmentlength=\dimen452
)
\tikz@lib@dec@box=\box104
)
(/usr/share/texlive/texmf-dist/tex/generic/pgf/libraries/decorations/pgflibrary
decorations.markings.code.tex))
\tikz@lib@circ@count=\count467
\tikzcircuitssizeunit=\dimen453
)
(/usr/share/texlive/texmf-dist/tex/generic/pgf/libraries/shapes/circuits/pgflib
raryshapes.gates.ee.code.tex))
(/usr/share/texlive/texmf-dist/tex/generic/pgf/libraries/shapes/circuits/pgflib
raryshapes.gates.ee.IEC.code.tex))
(/usr/share/texlive/texmf-dist/tex/generic/pgf/frontendlayer/tikz/libraries/cir
cuits/tikzlibrarycircuits.logic.US.code.tex
(/usr/share/texlive/texmf-dist/tex/generic/pgf/frontendlayer/tikz/libraries/cir
cuits/tikzlibrarycircuits.logic.code.tex)
(/usr/share/texlive/texmf-dist/tex/generic/pgf/libraries/shapes/circuits/pgflib
raryshapes.gates.logic.US.code.tex
(/usr/share/texlive/texmf-dist/tex/generic/pgf/libraries/shapes/circuits/pgflib
raryshapes.gates.logic.code.tex)))
(/usr/share/texlive/texmf-dist/tex/generic/pgf/frontendlayer/tikz/libraries/cir
cuits/tikzlibrarycircuits.logic.IEC.code.tex
(/usr/share/texlive/texmf-dist/tex/generic/pgf/libraries/shapes/circuits/pgflib
raryshapes.gates.logic.IEC.code.tex))
(/usr/share/texlive/texmf-dist/tex/latex/pgfplots/pgfplots.sty
(/usr/share/texlive/texmf-dist/tex/generic/pgfplots/pgfplots.revision.tex)
Package: pgfplots 2025/08/14 v1.18.2 Data Visualization (1.18.2)

(/usr/share/texlive/texmf-dist/tex/generic/pgfplots/pgfplots.code.tex
(/usr/share/texlive/texmf-dist/tex/generic/pgfplots/pgfplotscore.code.tex
\t@pgfplots@toka=\toks67
\t@pgfplots@tokb=\toks68
\t@pgfplots@tokc=\toks69
\pgfplots@tmpa=\dimen454
\c@pgfplots@coordindex=\count468
\c@pgfplots@scanlineindex=\count469

(/usr/share/texlive/texmf-dist/tex/generic/pgfplots/sys/pgfplotssysgeneric.code
.tex))
(/usr/share/texlive/texmf-dist/tex/generic/pgfplots/libs/pgfplotslibrary.code.t
ex)
(/usr/share/texlive/texmf-dist/tex/generic/pgfplots/oldpgfcompatib/pgfplotsoldp
gfsupp_loader.code.tex
(/usr/share/texlive/texmf-dist/tex/generic/pgf/libraries/pgflibraryfpu.code.tex
)
(/usr/share/texlive/texmf-dist/tex/generic/pgfplots/oldpgfcompatib/pgfplotsoldp
gfsupp_pgfutil-common-lists.tex))
(/usr/share/texlive/texmf-dist/tex/generic/pgfplots/util/pgfplotsutil.code.tex
(/usr/share/texlive/texmf-dist/tex/generic/pgfplots/liststructure/pgfplotslists
tructure.code.tex)
(/usr/share/texlive/texmf-dist/tex/generic/pgfplots/liststructure/pgfplotslists
tructureext.code.tex)
(/usr/share/texlive/texmf-dist/tex/generic/pgfplots/liststructure/pgfplotsarray
.code.tex
\c@pgfplotsarray@tmp=\count470
)
(/usr/share/texlive/texmf-dist/tex/generic/pgfplots/liststructure/pgfplotsmatri
x.code.tex)
(/usr/share/texlive/texmf-dist/tex/generic/pgfplots/numtable/pgfplotstableshare
d.code.tex
\c@pgfplotstable@counta=\count471
\t@pgfplotstable@a=\toks70
)
(/usr/share/texlive/texmf-dist/tex/generic/pgfplots/liststructure/pgfplotsdeque
.code.tex)
(/usr/share/texlive/texmf-dist/tex/generic/pgfplots/util/pgfplotsbinary.code.te
x
(/usr/share/texlive/texmf-dist/tex/generic/pgfplots/util/pgfplotsbinary.data.co
de.tex))
(/usr/share/texlive/texmf-dist/tex/generic/pgfplots/util/pgfplotsutil.verb.code
.tex)
(/usr/share/texlive/texmf-dist/tex/generic/pgfplots/libs/pgflibrarypgfplots.sur
fshading.code.tex
\c@pgfplotslibrarysurf@no=\count472

(/usr/share/texlive/texmf-dist/tex/generic/pgfplots/sys/pgflibrarypgfplots.surf
shading.pgfsys-xetex.def
(/usr/share/texlive/texmf-dist/tex/generic/pgfplots/sys/pgflibrarypgfplots.surf
shading.pgfsys-dvipdfmx.def
\c@pgfplotslibrarysurf@streamlen=\count473
))))
(/usr/share/texlive/texmf-dist/tex/generic/pgfplots/util/pgfplotscolormap.code.
tex
(/usr/share/texlive/texmf-dist/tex/generic/pgfplots/util/pgfplotscolor.code.tex
))
(/usr/share/texlive/texmf-dist/tex/generic/pgfplots/pgfplotsstackedplots.code.t
ex)
(/usr/share/texlive/texmf-dist/tex/generic/pgfplots/pgfplotsplothandlers.code.t
ex
(/usr/share/texlive/texmf-dist/tex/generic/pgfplots/pgfplotsmeshplothandler.cod
e.tex
(/usr/share/texlive/texmf-dist/tex/generic/pgfplots/pgfplotsmeshplotimage.code.
tex)))
(/usr/share/texlive/texmf-dist/tex/generic/pgfplots/pgfplots.scaling.code.tex)
(/usr/share/texlive/texmf-dist/tex/generic/pgfplots/pgfplotscoordprocessing.cod
e.tex)
(/usr/share/texlive/texmf-dist/tex/generic/pgfplots/pgfplots.errorbars.code.tex
) (/usr/share/texlive/texmf-dist/tex/generic/pgfplots/pgfplots.markers.code.tex
) (/usr/share/texlive/texmf-dist/tex/generic/pgfplots/pgfplotsticks.code.tex)
(/usr/share/texlive/texmf-dist/tex/generic/pgfplots/pgfplots.paths.code.tex)
(/usr/share/texlive/texmf-dist/tex/generic/pgf/frontendlayer/tikz/libraries/tik
zlibrarydecorations.pathmorphing.code.tex
(/usr/share/texlive/texmf-dist/tex/generic/pgf/libraries/decorations/pgflibrary
decorations.pathmorphing.code.tex))
(/usr/share/texlive/texmf-dist/tex/generic/pgf/frontendlayer/tikz/libraries/tik
zlibrarydecorations.pathreplacing.code.tex
(/usr/share/texlive/texmf-dist/tex/generic/pgf/libraries/decorations/pgflibrary
decorations.pathreplacing.code.tex))
(/usr/share/texlive/texmf-dist/tex/generic/pgfplots/libs/tikzlibrarypgfplots.co
ntourlua.code.tex)
\pgfplots@numplots=\count474
\pgfplots@xmin@reg=\dimen455
\pgfplots@xmax@reg=\dimen456
\pgfplots@ymin@reg=\dimen457
\pgfplots@ymax@reg=\dimen458
\pgfplots@zmin@reg=\dimen459
\pgfplots@zmax@reg=\dimen460
)
(/usr/share/texlive/texmf-dist/tex/generic/pgf/frontendlayer/tikz/libraries/tik
zlibraryplotmarks.code.tex
File: tikzlibraryplotmarks.code.tex 2025-08-29 v3.1.11a (3.1.11a)

(/usr/share/texlive/texmf-dist/tex/generic/pgf/libraries/pgflibraryplotmarks.co
de.tex
File: pgflibraryplotmarks.code.tex 2025-08-29 v3.1.11a (3.1.11a)
))) (/usr/share/texlive/texmf-dist/tex/latex/siunitx/siunitx.sty
Package: siunitx 2025-07-09 v3.4.14 A comprehensive (SI) units package
\l__siunitx_number_uncert_offset_int=\count475
\l__siunitx_number_exponent_fixed_int=\count476
\l__siunitx_number_min_decimal_int=\count477
\l__siunitx_number_min_integer_int=\count478
\l__siunitx_number_round_precision_int=\count479
\l__siunitx_number_lower_threshold_int=\count480
\l__siunitx_number_upper_threshold_int=\count481
\l__siunitx_number_group_first_int=\count482
\l__siunitx_number_group_size_int=\count483
\l__siunitx_number_group_minimum_int=\count484
\l__siunitx_angle_tmp_dim=\dimen461
\l__siunitx_angle_marker_box=\box105
\l__siunitx_angle_unit_box=\box106
\l__siunitx_compound_count_int=\count485

(/usr/share/texlive/texmf-dist/tex/latex/translations/translations.sty
Package: translations 2022/02/05 v1.12 internationalization of LaTeX2e packages
 (CN)
)
\l__siunitx_table_tmp_box=\box107
\l__siunitx_table_tmp_dim=\dimen462
\l__siunitx_table_column_width_dim=\dimen463
\l__siunitx_table_integer_box=\box108
\l__siunitx_table_decimal_box=\box109
\l__siunitx_table_uncert_box=\box110
\l__siunitx_table_before_box=\box111
\l__siunitx_table_after_box=\box112
\l__siunitx_table_before_dim=\dimen464
\l__siunitx_table_carry_dim=\dimen465
\l__siunitx_unit_tmp_int=\count486
\l__siunitx_unit_position_int=\count487
\l__siunitx_unit_total_int=\count488
)
(/usr/share/texlive/texmf-dist/tex/latex/circuitikz/circuitikz.sty
Package: circuitikz 2026/01/07{} The CircuiTikz circuit drawing package version
 1.8.4

(/usr/share/texlive/texmf-dist/tex/generic/pgf/frontendlayer/tikz/libraries/tik
zlibrarybending.code.tex
File: tikzlibrarybending.code.tex 2025-08-29 v3.1.11a (3.1.11a)

(/usr/share/texlive/texmf-dist/tex/generic/pgf/modules/pgfmodulebending.code.te
x
File: pgfmodulebending.code.tex 2025-08-29 v3.1.11a (3.1.11a)

(/usr/share/texlive/texmf-dist/tex/generic/pgf/modules/pgfmodulenonlineartransf
ormations.code.tex
File: pgfmodulenonlineartransformations.code.tex 2025-08-29 v3.1.11a (3.1.11a)
\pgftransformnonlinearflatness=\dimen466
)
(/usr/share/texlive/texmf-dist/tex/generic/pgf/libraries/pgflibrarycurvilinear.
code.tex
File: pgflibrarycurvilinear.code.tex 2025-08-29 v3.1.11a (3.1.11a)
\pgf@curvilinear@time@a=\dimen467
\pgf@curvilinear@length@a=\dimen468
\pgf@curvilinear@length@b=\dimen469
\pgf@curvilinear@length@c=\dimen470
\pgf@curvilinear@length@d=\dimen471
)
\pgf@arrows@the@rigidity=\dimen472
))
(/usr/share/texlive/texmf-dist/tex/generic/pgf/frontendlayer/tikz/libraries/tik
zlibraryfpu.code.tex)
(/usr/share/texlive/texmf-dist/tex/generic/circuitikz/pgfcirc.defines.tex
\pgf@circ@count@a=\count489
\pgf@circ@count@b=\count490
\pgf@circ@count@c=\count491
\pgf@circ@res@up=\dimen473
\pgf@circ@res@down=\dimen474
\pgf@circ@res@zero=\dimen475
\pgf@circ@res@left=\dimen476
\pgf@circ@res@right=\dimen477
\pgf@circ@res@other=\dimen478
\pgf@circ@res@step=\dimen479
\pgf@circ@res@temp=\dimen480
\pgf@circ@Rlen=\dimen481
\pgf@circ@scaled@Rlen=\dimen482
\pgfstartlinewidth=\dimen483
)
(/usr/share/texlive/texmf-dist/tex/generic/circuitikz/pgfcircutils.tex
\ctikz@scratchbox=\box113
)
(/usr/share/texlive/texmf-dist/tex/generic/circuitikz/pgfcircpath.tex)
(/usr/share/texlive/texmf-dist/tex/generic/circuitikz/pgfcircshapes.tex)
(/usr/share/texlive/texmf-dist/tex/generic/circuitikz/pgfcircmonopoles.tex)
(/usr/share/texlive/texmf-dist/tex/generic/circuitikz/pgfcircbipoles.tex)
(/usr/share/texlive/texmf-dist/tex/generic/circuitikz/pgfcirctripoles.tex
\pgf@circ@res@count=\count492
)
(/usr/share/texlive/texmf-dist/tex/generic/circuitikz/pgfcircquadpoles.tex)
(/usr/share/texlive/texmf-dist/tex/generic/circuitikz/pgfcircmultipoles.tex)
(/usr/share/texlive/texmf-dist/tex/generic/circuitikz/pgfcirclabel.tex)
(/usr/share/texlive/texmf-dist/tex/generic/circuitikz/pgfcircvoltage.tex
\pgfcirc@labelshift=\dimen484
)
(/usr/share/texlive/texmf-dist/tex/generic/circuitikz/pgfcirccurrent.tex)
(/usr/share/texlive/texmf-dist/tex/generic/circuitikz/pgfcircflow.tex))
(/usr/share/texlive/texmf-dist/tex/latex/mhchem/mhchem.sty
Package: mhchem 2024/01/29 v4.10 for typesetting chemical formulae

(/usr/share/texlive/texmf-dist/tex/latex/chemgreek/chemgreek.sty
Package: chemgreek 2020/01/16 v1.1a interface for upright Greek letters for use
 in chemistry (CN)
\l__chemgreek_tmpa_int=\count493
\g__chemgreek_tmpa_int=\count494
)
\l__mhchem_ce_distanceFromLastComma_int=\count495
\__mhchem_arrow_extPgfLength_skip=\skip173
\mhchem@minispace@tmp=\skip174
\mhchem@minibackspace@tmp=\skip175
\mhchem@bondwidth=\skip176
\mhchem@bondheight=\skip177
\mhchem@smallbondwidth@tmpA=\skip178
\mhchem@smallbondwidth@tmpB=\skip179
\mhchem@smallbondwidth=\skip180
\mhchem@bondtmp@minussidebearingleft=\skip181
\mhchem@bondtmp@minussidebearingright=\skip182
\l__mhchem_option_version_int=\count496
\mhchem@option@minusmathsidebearingleft=\dimen485
\mhchem@option@minusmathsidebearingright=\dimen486
\mhchem@option@minustextsidebearingleft=\dimen487
\mhchem@option@minustextsidebearingright=\dimen488
)
(/usr/share/texlive/texmf-dist/tex/latex/arydshln/arydshln.sty
Package: arydshln 2019/02/21 v1.76 
\dashlinedash=\dimen489
\dashlinegap=\dimen490
\adl@box=\box114
\adl@height=\dimen491
\adl@heightsave=\dimen492
\adl@depth=\dimen493
\adl@depthsave=\dimen494
\adl@finaldepth=\dimen495
\adl@columns=\count497
\adl@ncol=\count498
\adl@currentcolumn=\count499
\adl@currentcolumnsave=\count500
\adl@totalheight=\count501
\adl@totalheightsave=\count502
\adl@dash=\count503
\adl@gap=\count504
\adl@cla=\count505
\adl@clb=\count506
\adl@everyvbox=\toks71
\adl@LTpagetotal=\dimen496
)
==> First Aid for arydshln.sty applied!
(/usr/share/texlive/texmf-dist/tex/latex/hyperref/hyperref.sty
Package: hyperref 2025-07-12 v7.01o Hypertext links for LaTeX

(/usr/share/texlive/texmf-dist/tex/generic/pdfescape/pdfescape.sty
Package: pdfescape 2019/12/09 v1.15 Implements pdfTeX's escape features (HO)
)
(/usr/share/texlive/texmf-dist/tex/latex/hycolor/hycolor.sty
Package: hycolor 2020-01-27 v1.10 Color options for hyperref/bookmark (HO)
)
(/usr/share/texlive/texmf-dist/tex/latex/hyperref/nameref.sty
Package: nameref 2025-06-21 v2.57 Cross-referencing by name of section

(/usr/share/texlive/texmf-dist/tex/latex/refcount/refcount.sty
Package: refcount 2019/12/15 v3.6 Data extraction from label references (HO)
)
(/usr/share/texlive/texmf-dist/tex/generic/gettitlestring/gettitlestring.sty
Package: gettitlestring 2019/12/15 v1.6 Cleanup title references (HO)
)
\c@section@level=\count507
)
(/usr/share/texlive/texmf-dist/tex/generic/stringenc/stringenc.sty
Package: stringenc 2019/11/29 v1.12 Convert strings between diff. encodings (HO
)
)
\@linkdim=\dimen497
\Hy@linkcounter=\count508
\Hy@pagecounter=\count509

(/usr/share/texlive/texmf-dist/tex/latex/hyperref/pd1enc.def
File: pd1enc.def 2025-07-12 v7.01o Hyperref: PDFDocEncoding definition (HO)
)
(/usr/share/texlive/texmf-dist/tex/generic/intcalc/intcalc.sty
Package: intcalc 2019/12/15 v1.3 Expandable calculations with integers (HO)
)
\Hy@SavedSpaceFactor=\count510

(/usr/share/texlive/texmf-dist/tex/latex/hyperref/puenc.def
File: puenc.def 2025-07-12 v7.01o Hyperref: PDF Unicode definition (HO)

(/usr/share/texlive/texmf-dist/tex/latex/greek-fontenc/puenc-greek.def
File: puenc-greek.def 2023-09-12 2.5 Greek LICRs for PDF strings

(/usr/share/texlive/texmf-dist/tex/latex/greek-fontenc/greek-fontenc.def
File: greek-fontenc.def 2023-09-12 2.5 Common Greek font encoding definitions
)
LaTeX Encoding Info:    Redeclaring text command \textmu (encoding PU) on input
 line 179.
)
LaTeX Encoding Info:    Redeclaring text command \textohm (encoding PU) on inpu
t line 1176.
)
Package hyperref Info: Option `bookmarksnumbered' set `true' on input line 4066
.
Package hyperref Info: Hyper figures OFF on input line 4195.
Package hyperref Info: Link nesting OFF on input line 4200.
Package hyperref Info: Hyper index ON on input line 4203.
Package hyperref Info: Plain pages OFF on input line 4210.
Package hyperref Info: Backreferencing OFF on input line 4215.
Package hyperref Info: Implicit mode ON; LaTeX internals redefined.
Package hyperref Info: Bookmarks ON on input line 4462.
\c@Hy@tempcnt=\count511

(/usr/share/texlive/texmf-dist/tex/latex/url/url.sty
\Urlmuskip=\muskip18
Package: url 2013/09/16  ver 3.4  Verb mode for urls, etc.
)
LaTeX Info: Redefining \url on input line 4801.
\XeTeXLinkMargin=\dimen498

(/usr/share/texlive/texmf-dist/tex/generic/bitset/bitset.sty
Package: bitset 2019/12/09 v1.3 Handle bit-vector datatype (HO)

(/usr/share/texlive/texmf-dist/tex/generic/bigintcalc/bigintcalc.sty
Package: bigintcalc 2019/12/15 v1.5 Expandable calculations on big integers (HO
)
))
\Fld@menulength=\count512
\Field@Width=\dimen499
\Fld@charsize=\dimen500
Package hyperref Info: Hyper figures OFF on input line 6078.
Package hyperref Info: Link nesting OFF on input line 6083.
Package hyperref Info: Hyper index ON on input line 6086.
Package hyperref Info: backreferencing OFF on input line 6093.
Package hyperref Info: Link coloring OFF on input line 6098.
Package hyperref Info: Link coloring with OCG OFF on input line 6103.
Package hyperref Info: PDF/A mode OFF on input line 6108.
\Hy@abspage=\count513
\c@Item=\count514
\c@Hfootnote=\count515
)
Package hyperref Info: Driver (autodetected): hxetex.

(/usr/share/texlive/texmf-dist/tex/latex/hyperref/hxetex.def
File: hxetex.def 2025-07-12 v7.01o Hyperref driver for XeTeX
\pdfm@box=\box115
\c@Hy@AnnotLevel=\count516
\HyField@AnnotCount=\count517
\Fld@listcount=\count518
\c@bookmark@seq@number=\count519

(/usr/share/texlive/texmf-dist/tex/latex/rerunfilecheck/rerunfilecheck.sty
Package: rerunfilecheck 2025-06-21 v1.11 Rerun checks for auxiliary files (HO)

(/usr/share/texlive/texmf-dist/tex/generic/uniquecounter/uniquecounter.sty
Package: uniquecounter 2019/12/15 v1.4 Provide unlimited unique counter (HO)
)
Package uniquecounter Info: New unique counter `rerunfilecheck' on input line 2
84.
)
\Hy@SectionHShift=\skip183
)
(/usr/share/texlive/texmf-dist/tex/latex/xurl/xurl.sty
Package: xurl 2022/01/09 v 0.10 modify URL breaks
)
(/usr/share/texlive/texmf-dist/tex/latex/tcolorbox/tcolorbox.sty
Package: tcolorbox 2025/11/28 version 6.9.0 text color boxes

(/usr/share/texlive/texmf-dist/tex/latex/environ/environ.sty
Package: environ 2014/05/04 v0.3 A new way to define environments

(/usr/share/texlive/texmf-dist/tex/latex/trimspaces/trimspaces.sty
Package: trimspaces 2009/09/17 v1.1 Trim spaces around a token list
))
\tcb@titlebox=\box116
\tcb@upperbox=\box117
\tcb@lowerbox=\box118
\tcb@phantombox=\box119
\c@tcbbreakpart=\count520
\c@tcblayer=\count521
\c@tcolorbox@number=\count522
\l__tcobox_tmpa_box=\box120
\l__tcobox_tmpa_dim=\dimen501
\tcb@temp=\box121
\tcb@temp=\box122
\tcb@temp=\box123
\tcb@temp=\box124
)
(/usr/share/texlive/texmf-dist/tex/latex/tcolorbox/tcbbreakable.code.tex
Library (tcolorbox): 'tcbbreakable.code.tex' version '6.9.0'
(/usr/share/texlive/texmf-dist/tex/latex/pdfcol/pdfcol.sty
Package: pdfcol 2022-09-21 v1.7 Handle new color stacks for pdfTeX (HO)
Package pdfcol Info: Interface disabled because of missing PDF mode of pdfTeX.
)
Package pdfcol Info: pdfTeX's color stacks are not available.
\tcb@testbox=\box125
\tcb@totalupperbox=\box126
\tcb@totallowerbox=\box127
)
(/usr/share/texlive/texmf-dist/tex/latex/tcolorbox/tcbdocumentation.code.tex
Library (tcolorbox): 'tcbdocumentation.code.tex' version '6.9.0'
(/usr/share/texlive/texmf-dist/tex/latex/tcolorbox/tcblistings.code.tex
Library (tcolorbox): 'tcblistings.code.tex' version '6.9.0'
(/usr/share/texlive/texmf-dist/tex/latex/tcolorbox/tcblistingscore.code.tex
Library (tcolorbox): 'tcblistingscore.code.tex' version '6.9.0'
(/usr/share/texlive/texmf-dist/tex/latex/tcolorbox/tcbprocessing.code.tex
Library (tcolorbox): 'tcbprocessing.code.tex' version '6.9.0'
)
\c@tcblisting=\count523
)) (/usr/share/texlive/texmf-dist/tex/latex/tcolorbox/tcbskins.code.tex
Library (tcolorbox): 'tcbskins.code.tex' version '6.9.0'
(/usr/share/texlive/texmf-dist/tex/latex/tikzfill/tikzfill.image.sty
Package: tikzfill.image 2023/08/08 v1.0.1 Image filling library for TikZ

(/usr/share/texlive/texmf-dist/tex/latex/tikzfill/tikzfill-common.sty
Package: tikzfill-common 2023/08/08 v1.0.1 Auxiliary code for tikzfill
)
(/usr/share/texlive/texmf-dist/tex/latex/tikzfill/tikzlibraryfill.image.code.te
x
File: tikzlibraryfill.image.code.tex 2023/08/08 v1.0.1 Image filling library
\l__tikzfill_img_box=\box128
)) (/usr/share/texlive/texmf-dist/tex/latex/tcolorbox/tcbskinsjigsaw.code.tex
Library (tcolorbox): 'tcbskinsjigsaw.code.tex' version '6.9.0'
)) (/usr/share/texlive/texmf-dist/tex/latex/tcolorbox/tcbexternal.code.tex
Library (tcolorbox): 'tcbexternal.code.tex' version '6.9.0'
) (/usr/share/texlive/texmf-dist/tex/latex/tcolorbox/tcbraster.code.tex
Library (tcolorbox): 'tcbraster.code.tex' version '6.9.0'
\c@tcbrastercolumn=\count524
\c@tcbrasterrow=\count525
\c@tcbrasternum=\count526
\c@tcbraster=\count527
) (/usr/share/texlive/texmf-dist/tex/latex/base/makeidx.sty
Package: makeidx 2021/10/04 v1.0m Standard LaTeX package
)
(/usr/share/texlive/texmf-dist/tex/latex/marginnote/marginnote.sty
Package: marginnote 2026/01/02 1.4d non floating margin notes for LaTeX 
\c@mn@abspage=\count528
)
\l__tcobox_doc_key_wd_dim=\dimen502
)
(/usr/share/texlive/texmf-dist/tex/latex/tcolorbox/tcbfitting.code.tex
Library (tcolorbox): 'tcbfitting.code.tex' version '6.9.0'
\tcbfitdim=\dimen503
\tcb@lowerfitdim=\dimen504
\tcb@upperfitdim=\dimen505
\tcb@cur@hbadness=\count529
) (/usr/share/texlive/texmf-dist/tex/latex/tcolorbox/tcbhooks.code.tex
Library (tcolorbox): 'tcbhooks.code.tex' version '6.9.0'
) (/usr/share/texlive/texmf-dist/tex/latex/tcolorbox/tcblistingsutf8.code.tex
Library (tcolorbox): 'tcblistingsutf8.code.tex' version '6.9.0'
Package tcolorbox Info: Library `listingsutf8' is compatible with pdftex only. 
Library `listings` is loaded instead. on input line 29.
) (/usr/share/texlive/texmf-dist/tex/latex/tcolorbox/tcbposter.code.tex
Library (tcolorbox): 'tcbposter.code.tex' version '6.9.0'
(/usr/share/texlive/texmf-dist/tex/latex/tcolorbox/tcbmagazine.code.tex
Library (tcolorbox): 'tcbmagazine.code.tex' version '6.9.0'
)) (/usr/share/texlive/texmf-dist/tex/latex/tcolorbox/tcbtheorems.code.tex
Library (tcolorbox): 'tcbtheorems.code.tex' version '6.9.0'
) (/usr/share/texlive/texmf-dist/tex/latex/unicode-math/unicode-math.sty
Package: unicode-math 2023/08/13 v0.8r Unicode maths in XeLaTeX and LuaLaTeX

(/usr/share/texlive/texmf-dist/tex/latex/unicode-math/unicode-math-xetex.sty
Package: unicode-math-xetex 2023/08/13 v0.8r Unicode maths in XeLaTeX and LuaLa
TeX

(/usr/share/texlive/texmf-dist/tex/latex/base/fix-cm.sty
Package: fix-cm 2020/11/24 v1.1t fixes to LaTeX

(/usr/share/texlive/texmf-dist/tex/latex/base/ts1enc.def
File: ts1enc.def 2001/06/05 v3.0e (jk/car/fm) Standard LaTeX file
LaTeX Font Info:    Redeclaring font encoding TS1 on input line 47.
LaTeX Encoding Info:    Redeclaring text command \capitalcedilla (encoding TS1)
 on input line 49.
LaTeX Encoding Info:    Redeclaring text command \capitalogonek (encoding TS1) 
on input line 52.
LaTeX Encoding Info:    Redeclaring text command \capitalgrave (encoding TS1) o
n input line 55.
LaTeX Encoding Info:    Redeclaring text command \capitalacute (encoding TS1) o
n input line 56.
LaTeX Encoding Info:    Redeclaring text command \capitalcircumflex (encoding T
S1) on input line 57.
LaTeX Encoding Info:    Redeclaring text command \capitaltilde (encoding TS1) o
n input line 58.
LaTeX Encoding Info:    Redeclaring text command \capitaldieresis (encoding TS1
) on input line 59.
LaTeX Encoding Info:    Redeclaring text command \capitalhungarumlaut (encoding
 TS1) on input line 60.
LaTeX Encoding Info:    Redeclaring text command \capitalring (encoding TS1) on
 input line 61.
LaTeX Encoding Info:    Redeclaring text command \capitalcaron (encoding TS1) o
n input line 62.
LaTeX Encoding Info:    Redeclaring text command \capitalbreve (encoding TS1) o
n input line 63.
LaTeX Encoding Info:    Redeclaring text command \capitalmacron (encoding TS1) 
on input line 64.
LaTeX Encoding Info:    Redeclaring text command \capitaldotaccent (encoding TS
1) on input line 65.
LaTeX Encoding Info:    Redeclaring text command \t (encoding TS1) on input lin
e 66.
LaTeX Encoding Info:    Redeclaring text command \capitaltie (encoding TS1) on 
input line 67.
LaTeX Encoding Info:    Redeclaring text command \newtie (encoding TS1) on inpu
t line 68.
LaTeX Encoding Info:    Redeclaring text command \capitalnewtie (encoding TS1) 
on input line 69.
LaTeX Encoding Info:    Redeclaring text symbol \textcapitalcompwordmark (encod
ing TS1) on input line 70.
LaTeX Encoding Info:    Redeclaring text symbol \textascendercompwordmark (enco
ding TS1) on input line 71.
LaTeX Encoding Info:    Redeclaring text symbol \textquotestraightbase (encodin
g TS1) on input line 72.
LaTeX Encoding Info:    Redeclaring text symbol \textquotestraightdblbase (enco
ding TS1) on input line 73.
LaTeX Encoding Info:    Redeclaring text symbol \texttwelveudash (encoding TS1)
 on input line 74.
LaTeX Encoding Info:    Redeclaring text symbol \textthreequartersemdash (encod
ing TS1) on input line 75.
LaTeX Encoding Info:    Redeclaring text symbol \textleftarrow (encoding TS1) o
n input line 76.
LaTeX Encoding Info:    Redeclaring text symbol \textrightarrow (encoding TS1) 
on input line 77.
LaTeX Encoding Info:    Redeclaring text symbol \textblank (encoding TS1) on in
put line 78.
LaTeX Encoding Info:    Redeclaring text symbol \textdollar (encoding TS1) on i
nput line 79.
LaTeX Encoding Info:    Redeclaring text symbol \textquotesingle (encoding TS1)
 on input line 80.
LaTeX Encoding Info:    Redeclaring text command \textasteriskcentered (encodin
g TS1) on input line 81.
LaTeX Encoding Info:    Redeclaring text symbol \textdblhyphen (encoding TS1) o
n input line 92.
LaTeX Encoding Info:    Redeclaring text symbol \textfractionsolidus (encoding 
TS1) on input line 93.
LaTeX Encoding Info:    Redeclaring text symbol \textzerooldstyle (encoding TS1
) on input line 94.
LaTeX Encoding Info:    Redeclaring text symbol \textoneoldstyle (encoding TS1)
 on input line 95.
LaTeX Encoding Info:    Redeclaring text symbol \texttwooldstyle (encoding TS1)
 on input line 96.
LaTeX Encoding Info:    Redeclaring text symbol \textthreeoldstyle (encoding TS
1) on input line 97.
LaTeX Encoding Info:    Redeclaring text symbol \textfouroldstyle (encoding TS1
) on input line 98.
LaTeX Encoding Info:    Redeclaring text symbol \textfiveoldstyle (encoding TS1
) on input line 99.
LaTeX Encoding Info:    Redeclaring text symbol \textsixoldstyle (encoding TS1)
 on input line 100.
LaTeX Encoding Info:    Redeclaring text symbol \textsevenoldstyle (encoding TS
1) on input line 101.
LaTeX Encoding Info:    Redeclaring text symbol \texteightoldstyle (encoding TS
1) on input line 102.
LaTeX Encoding Info:    Redeclaring text symbol \textnineoldstyle (encoding TS1
) on input line 103.
LaTeX Encoding Info:    Redeclaring text symbol \textlangle (encoding TS1) on i
nput line 104.
LaTeX Encoding Info:    Redeclaring text symbol \textminus (encoding TS1) on in
put line 105.
LaTeX Encoding Info:    Redeclaring text symbol \textrangle (encoding TS1) on i
nput line 106.
LaTeX Encoding Info:    Redeclaring text symbol \textmho (encoding TS1) on inpu
t line 107.
LaTeX Encoding Info:    Redeclaring text symbol \textbigcircle (encoding TS1) o
n input line 108.
LaTeX Encoding Info:    Redeclaring text command \textcircled (encoding TS1) on
 input line 109.
LaTeX Encoding Info:    Redeclaring text symbol \textohm (encoding TS1) on inpu
t line 115.
LaTeX Encoding Info:    Redeclaring text symbol \textlbrackdbl (encoding TS1) o
n input line 116.
LaTeX Encoding Info:    Redeclaring text symbol \textrbrackdbl (encoding TS1) o
n input line 117.
LaTeX Encoding Info:    Redeclaring text symbol \textuparrow (encoding TS1) on 
input line 118.
LaTeX Encoding Info:    Redeclaring text symbol \textdownarrow (encoding TS1) o
n input line 119.
LaTeX Encoding Info:    Redeclaring text symbol \textasciigrave (encoding TS1) 
on input line 120.
LaTeX Encoding Info:    Redeclaring text symbol \textborn (encoding TS1) on inp
ut line 121.
LaTeX Encoding Info:    Redeclaring text symbol \textdivorced (encoding TS1) on
 input line 122.
LaTeX Encoding Info:    Redeclaring text symbol \textdied (encoding TS1) on inp
ut line 123.
LaTeX Encoding Info:    Redeclaring text symbol \textleaf (encoding TS1) on inp
ut line 124.
LaTeX Encoding Info:    Redeclaring text symbol \textmarried (encoding TS1) on 
input line 125.
LaTeX Encoding Info:    Redeclaring text symbol \textmusicalnote (encoding TS1)
 on input line 126.
LaTeX Encoding Info:    Redeclaring text symbol \texttildelow (encoding TS1) on
 input line 127.
LaTeX Encoding Info:    Redeclaring text symbol \textdblhyphenchar (encoding TS
1) on input line 128.
LaTeX Encoding Info:    Redeclaring text symbol \textasciibreve (encoding TS1) 
on input line 129.
LaTeX Encoding Info:    Redeclaring text symbol \textasciicaron (encoding TS1) 
on input line 130.
LaTeX Encoding Info:    Redeclaring text symbol \textacutedbl (encoding TS1) on
 input line 131.
LaTeX Encoding Info:    Redeclaring text symbol \textgravedbl (encoding TS1) on
 input line 132.
LaTeX Encoding Info:    Redeclaring text symbol \textdagger (encoding TS1) on i
nput line 133.
LaTeX Encoding Info:    Redeclaring text symbol \textdaggerdbl (encoding TS1) o
n input line 134.
LaTeX Encoding Info:    Redeclaring text symbol \textbardbl (encoding TS1) on i
nput line 135.
LaTeX Encoding Info:    Redeclaring text symbol \textperthousand (encoding TS1)
 on input line 136.
LaTeX Encoding Info:    Redeclaring text symbol \textbullet (encoding TS1) on i
nput line 137.
LaTeX Encoding Info:    Redeclaring text symbol \textcelsius (encoding TS1) on 
input line 138.
LaTeX Encoding Info:    Redeclaring text symbol \textdollaroldstyle (encoding T
S1) on input line 139.
LaTeX Encoding Info:    Redeclaring text symbol \textcentoldstyle (encoding TS1
) on input line 140.
LaTeX Encoding Info:    Redeclaring text symbol \textflorin (encoding TS1) on i
nput line 141.
LaTeX Encoding Info:    Redeclaring text symbol \textcolonmonetary (encoding TS
1) on input line 142.
LaTeX Encoding Info:    Redeclaring text symbol \textwon (encoding TS1) on inpu
t line 143.
LaTeX Encoding Info:    Redeclaring text symbol \textnaira (encoding TS1) on in
put line 144.
LaTeX Encoding Info:    Redeclaring text symbol \textguarani (encoding TS1) on 
input line 145.
LaTeX Encoding Info:    Redeclaring text symbol \textpeso (encoding TS1) on inp
ut line 146.
LaTeX Encoding Info:    Redeclaring text symbol \textlira (encoding TS1) on inp
ut line 147.
LaTeX Encoding Info:    Redeclaring text symbol \textrecipe (encoding TS1) on i
nput line 148.
LaTeX Encoding Info:    Redeclaring text symbol \textinterrobang (encoding TS1)
 on input line 149.
LaTeX Encoding Info:    Redeclaring text symbol \textinterrobangdown (encoding 
TS1) on input line 150.
LaTeX Encoding Info:    Redeclaring text symbol \textdong (encoding TS1) on inp
ut line 151.
LaTeX Encoding Info:    Redeclaring text symbol \texttrademark (encoding TS1) o
n input line 152.
LaTeX Encoding Info:    Redeclaring text symbol \textpertenthousand (encoding T
S1) on input line 153.
LaTeX Encoding Info:    Redeclaring text symbol \textpilcrow (encoding TS1) on 
input line 154.
LaTeX Encoding Info:    Redeclaring text symbol \textbaht (encoding TS1) on inp
ut line 155.
LaTeX Encoding Info:    Redeclaring text symbol \textnumero (encoding TS1) on i
nput line 156.
LaTeX Encoding Info:    Redeclaring text symbol \textdiscount (encoding TS1) on
 input line 157.
LaTeX Encoding Info:    Redeclaring text symbol \textestimated (encoding TS1) o
n input line 158.
LaTeX Encoding Info:    Redeclaring text symbol \textopenbullet (encoding TS1) 
on input line 159.
LaTeX Encoding Info:    Redeclaring text symbol \textservicemark (encoding TS1)
 on input line 160.
LaTeX Encoding Info:    Redeclaring text symbol \textlquill (encoding TS1) on i
nput line 161.
LaTeX Encoding Info:    Redeclaring text symbol \textrquill (encoding TS1) on i
nput line 162.
LaTeX Encoding Info:    Redeclaring text symbol \textcent (encoding TS1) on inp
ut line 163.
LaTeX Encoding Info:    Redeclaring text symbol \textsterling (encoding TS1) on
 input line 164.
LaTeX Encoding Info:    Redeclaring text symbol \textcurrency (encoding TS1) on
 input line 165.
LaTeX Encoding Info:    Redeclaring text symbol \textyen (encoding TS1) on inpu
t line 166.
LaTeX Encoding Info:    Redeclaring text symbol \textbrokenbar (encoding TS1) o
n input line 167.
LaTeX Encoding Info:    Redeclaring text symbol \textsection (encoding TS1) on 
input line 168.
LaTeX Encoding Info:    Redeclaring text symbol \textasciidieresis (encoding TS
1) on input line 169.
LaTeX Encoding Info:    Redeclaring text symbol \textcopyright (encoding TS1) o
n input line 170.
LaTeX Encoding Info:    Redeclaring text symbol \textordfeminine (encoding TS1)
 on input line 171.
LaTeX Encoding Info:    Redeclaring text symbol \textcopyleft (encoding TS1) on
 input line 172.
LaTeX Encoding Info:    Redeclaring text symbol \textlnot (encoding TS1) on inp
ut line 173.
LaTeX Encoding Info:    Redeclaring text symbol \textcircledP (encoding TS1) on
 input line 174.
LaTeX Encoding Info:    Redeclaring text symbol \textregistered (encoding TS1) 
on input line 175.
LaTeX Encoding Info:    Redeclaring text symbol \textasciimacron (encoding TS1)
 on input line 176.
LaTeX Encoding Info:    Redeclaring text symbol \textdegree (encoding TS1) on i
nput line 177.
LaTeX Encoding Info:    Redeclaring text symbol \textpm (encoding TS1) on input
 line 178.
LaTeX Encoding Info:    Redeclaring text symbol \texttwosuperior (encoding TS1)
 on input line 179.
LaTeX Encoding Info:    Redeclaring text symbol \textthreesuperior (encoding TS
1) on input line 180.
LaTeX Encoding Info:    Redeclaring text symbol \textasciiacute (encoding TS1) 
on input line 181.
LaTeX Encoding Info:    Redeclaring text symbol \textmu (encoding TS1) on input
 line 182.
LaTeX Encoding Info:    Redeclaring text symbol \textparagraph (encoding TS1) o
n input line 183.
LaTeX Encoding Info:    Redeclaring text symbol \textperiodcentered (encoding T
S1) on input line 184.
LaTeX Encoding Info:    Redeclaring text symbol \textreferencemark (encoding TS
1) on input line 185.
LaTeX Encoding Info:    Redeclaring text symbol \textonesuperior (encoding TS1)
 on input line 186.
LaTeX Encoding Info:    Redeclaring text symbol \textordmasculine (encoding TS1
) on input line 187.
LaTeX Encoding Info:    Redeclaring text symbol \textsurd (encoding TS1) on inp
ut line 188.
LaTeX Encoding Info:    Redeclaring text symbol \textonequarter (encoding TS1) 
on input line 189.
LaTeX Encoding Info:    Redeclaring text symbol \textonehalf (encoding TS1) on 
input line 190.
LaTeX Encoding Info:    Redeclaring text symbol \textthreequarters (encoding TS
1) on input line 191.
LaTeX Encoding Info:    Redeclaring text symbol \texteuro (encoding TS1) on inp
ut line 192.
LaTeX Encoding Info:    Redeclaring text symbol \texttimes (encoding TS1) on in
put line 193.
LaTeX Encoding Info:    Redeclaring text symbol \textdiv (encoding TS1) on inpu
t line 194.
))
\g__um_fam_int=\count530
\g__um_fonts_used_int=\count531
\l__um_primecount_int=\count532
\g__um_primekern_muskip=\muskip19

(/usr/share/texlive/texmf-dist/tex/latex/unicode-math/unicode-math-table.tex)))

Package fontspec Info: 
(fontspec)             Font family 'XITSMath(0)' created for font 'XITS Math'
(fontspec)             with options
(fontspec)             [BoldItalicFont={},ItalicFont={},SmallCapsFont={},Script
=Math].
(fontspec)              
(fontspec)              This font family consists of the following NFSS
(fontspec)             series/shapes:
(fontspec)              
(fontspec)             - 'normal' (m/n) with NFSS spec.: <->"XITS
(fontspec)             Math/OT:script=math;language=dflt;"
(fontspec)             - 'bold' (b/n) with NFSS spec.: <->"XITS
(fontspec)             Math/B/OT:script=math;language=dflt;"


Package fontspec Info: 
(fontspec)             Font family 'XITSMath(1)' created for font 'XITS Math'
(fontspec)             with options
(fontspec)             [BoldItalicFont={},ItalicFont={},SmallCapsFont={},Script
=Math,SizeFeatures={{Size=10.5-},{Size=8.1-10.5,Font=XITS
(fontspec)             Math,Style=MathScript},{Size=-8.1,Font=XITS
(fontspec)             Math,Style=MathScriptScript}}].
(fontspec)              
(fontspec)              This font family consists of the following NFSS
(fontspec)             series/shapes:
(fontspec)              
(fontspec)             - 'normal' (m/n) with NFSS spec.: <10.5->"XITS
(fontspec)             Math/OT:script=math;language=dflt;"<8.1-10.5>"XITS
(fontspec)             Math/OT:script=math;language=dflt;+ssty=0;"<-8.1>"XITS
(fontspec)             Math/OT:script=math;language=dflt;+ssty=1;"
(fontspec)             - 'bold' (b/n) with NFSS spec.: <->"XITS
(fontspec)             Math/B/OT:script=math;language=dflt;"

LaTeX Font Info:    Encoding `OT1' has changed to `TU' for symbol font
(Font)              `operators' in the math version `normal' on input line 78.
LaTeX Font Info:    Overwriting symbol font `operators' in version `normal'
(Font)                  OT1/cmr/m/n --> TU/XITSMath(1)/m/n on input line 78.
LaTeX Font Info:    Encoding `OT1' has changed to `TU' for symbol font
(Font)              `operators' in the math version `bold' on input line 78.
LaTeX Font Info:    Overwriting symbol font `operators' in version `bold'
(Font)                  OT1/cmr/bx/n --> TU/XITSMath(1)/b/n on input line 78.

Package fontspec Info: 
(fontspec)             XITS Math scale = 1.0001.


Package fontspec Info: 
(fontspec)             XITS Math scale = 1.0001.


Package fontspec Info: 
(fontspec)             XITS Math scale = 1.0001.


Package fontspec Info: 
(fontspec)             XITS Math scale = 1.0001.


Package fontspec Info: 
(fontspec)             XITS Math/B scale = 1.0001.


Package fontspec Info: 
(fontspec)             Font family 'XITSMath(2)' created for font 'XITS Math'
(fontspec)             with options
(fontspec)             [BoldItalicFont={},ItalicFont={},SmallCapsFont={},Script
=Math,SizeFeatures={{Size=10.5-},{Size=8.1-10.5,Font=XITS
(fontspec)             Math,Style=MathScript},{Size=-8.1,Font=XITS
(fontspec)             Math,Style=MathScriptScript}},ScaleAgain=1.0001,FontAdju
stment={\fontdimen
(fontspec)             8\font =6.96pt\relax \fontdimen 9\font =5.76pt\relax
(fontspec)             \fontdimen 10\font =5.76pt\relax \fontdimen 11\font
(fontspec)             =8.4pt\relax \fontdimen 12\font =5.76pt\relax
(fontspec)             \fontdimen 13\font =4.8pt\relax \fontdimen 14\font
(fontspec)             =4.8pt\relax \fontdimen 15\font =3.3pt\relax \fontdimen
(fontspec)             16\font =3.0pt\relax \fontdimen 17\font =3.0pt\relax
(fontspec)             \fontdimen 18\font =4.5pt\relax \fontdimen 19\font
(fontspec)             =0.6pt\relax \fontdimen 22\font =3.0pt\relax \fontdimen
(fontspec)             20\font =0pt\relax \fontdimen 21\font =0pt\relax }].
(fontspec)              
(fontspec)              This font family consists of the following NFSS
(fontspec)             series/shapes:
(fontspec)              
(fontspec)             - 'normal' (m/n) with NFSS spec.:
(fontspec)             <10.5->s*[1.0001]"XITS
(fontspec)             Math/OT:script=math;language=dflt;"<8.1-10.5>s*[1.0001]"
XITS
(fontspec)             Math/OT:script=math;language=dflt;+ssty=0;"<-8.1>s*[1.00
01]"XITS
(fontspec)             Math/OT:script=math;language=dflt;+ssty=1;"
(fontspec)             - 'bold' (b/n) with NFSS spec.: <->s*[1.0001]"XITS
(fontspec)             Math/B/OT:script=math;language=dflt;"

LaTeX Font Info:    Encoding `OMS' has changed to `TU' for symbol font
(Font)              `symbols' in the math version `normal' on input line 78.
LaTeX Font Info:    Overwriting symbol font `symbols' in version `normal'
(Font)                  OMS/cmsy/m/n --> TU/XITSMath(2)/m/n on input line 78.
LaTeX Font Info:    Encoding `OMS' has changed to `TU' for symbol font
(Font)              `symbols' in the math version `bold' on input line 78.
LaTeX Font Info:    Overwriting symbol font `symbols' in version `bold'
(Font)                  OMS/cmsy/b/n --> TU/XITSMath(2)/b/n on input line 78.

Package fontspec Info: 
(fontspec)             XITS Math scale = 0.9999.


Package fontspec Info: 
(fontspec)             XITS Math scale = 0.9999.


Package fontspec Info: 
(fontspec)             XITS Math scale = 0.9999.


Package fontspec Info: 
(fontspec)             XITS Math scale = 0.9999.


Package fontspec Info: 
(fontspec)             XITS Math/B scale = 0.9999.


Package fontspec Info: 
(fontspec)             Font family 'XITSMath(3)' created for font 'XITS Math'
(fontspec)             with options
(fontspec)             [BoldItalicFont={},ItalicFont={},SmallCapsFont={},Script
=Math,SizeFeatures={{Size=10.5-},{Size=8.1-10.5,Font=XITS
(fontspec)             Math,Style=MathScript},{Size=-8.1,Font=XITS
(fontspec)             Math,Style=MathScriptScript}},ScaleAgain=0.9999,FontAdju
stment={\fontdimen
(fontspec)             8\font =0.792pt\relax \fontdimen 9\font =1.8pt\relax
(fontspec)             \fontdimen 10\font =1.8pt\relax \fontdimen 11\font
(fontspec)             =3.6pt\relax \fontdimen 12\font =7.2pt\relax \fontdimen
(fontspec)             13\font =0pt\relax }].
(fontspec)              
(fontspec)              This font family consists of the following NFSS
(fontspec)             series/shapes:
(fontspec)              
(fontspec)             - 'normal' (m/n) with NFSS spec.:
(fontspec)             <10.5->s*[0.9999]"XITS
(fontspec)             Math/OT:script=math;language=dflt;"<8.1-10.5>s*[0.9999]"
XITS
(fontspec)             Math/OT:script=math;language=dflt;+ssty=0;"<-8.1>s*[0.99
99]"XITS
(fontspec)             Math/OT:script=math;language=dflt;+ssty=1;"
(fontspec)             - 'bold' (b/n) with NFSS spec.: <->s*[0.9999]"XITS
(fontspec)             Math/B/OT:script=math;language=dflt;"

LaTeX Font Info:    Encoding `OMX' has changed to `TU' for symbol font
(Font)              `largesymbols' in the math version `normal' on input line 7
8.
LaTeX Font Info:    Overwriting symbol font `largesymbols' in version `normal'
(Font)                  OMX/cmex/m/n --> TU/XITSMath(3)/m/n on input line 78.
LaTeX Font Info:    Encoding `OMX' has changed to `TU' for symbol font
(Font)              `largesymbols' in the math version `bold' on input line 78.

LaTeX Font Info:    Overwriting symbol font `largesymbols' in version `bold'
(Font)                  OMX/cmex/m/n --> TU/XITSMath(3)/b/n on input line 78.

Package fontspec Info: 
(fontspec)             Font family 'XITSMath(4)' created for font 'XITS Math'
(fontspec)             with options
(fontspec)             [BoldItalicFont={},ItalicFont={},SmallCapsFont={},Script
=Math,SizeFeatures={{Size=10.5-},{Size=8.1-10.5,Font=XITS
(fontspec)             Math,Style=MathScript},{Size=-8.1,Font=XITS
(fontspec)             Math,Style=MathScriptScript}},StylisticSet={1}].
(fontspec)              
(fontspec)              This font family consists of the following NFSS
(fontspec)             series/shapes:
(fontspec)              
(fontspec)             - 'normal' (m/n) with NFSS spec.: <10.5->"XITS
(fontspec)             Math/OT:script=math;language=dflt;+ss01;"<8.1-10.5>"XITS

(fontspec)             Math/OT:script=math;language=dflt;+ss01;+ssty=0;"<-8.1>"
XITS
(fontspec)             Math/OT:script=math;language=dflt;+ss01;+ssty=1;"
(fontspec)             - 'bold' (b/n) with NFSS spec.: <->"XITS
(fontspec)             Math/B/OT:script=math;language=dflt;+ss01;"

\sym__um_fam1=\mathgroup11
LaTeX Font Info:    Overwriting symbol font `__um_fam1' in version `normal'
(Font)                  TU/XITSMath(4)/m/n --> TU/XITSMath(4)/m/n on input line
 79.
LaTeX Font Info:    Overwriting symbol font `__um_fam1' in version `bold'
(Font)                  TU/XITSMath(4)/m/n --> TU/XITSMath(4)/b/n on input line
 79.

Package fontspec Info: 
(fontspec)             Font family 'NotoSans(0)' created for font 'Noto Sans'
(fontspec)             with options [Ligatures=TeX,Ligatures=TeX].
(fontspec)              
(fontspec)              This font family consists of the following NFSS
(fontspec)             series/shapes:
(fontspec)              
(fontspec)             - 'normal' (m/n) with NFSS spec.: <->"Noto
(fontspec)             Sans/OT:script=latn;language=dflt;mapping=tex-text;"
(fontspec)             - 'small caps'  (m/sc) with NFSS spec.: <->"Noto
(fontspec)             Sans/OT:script=latn;language=dflt;+smcp;mapping=tex-text
;"
(fontspec)             - 'bold' (b/n) with NFSS spec.: <->"Noto
(fontspec)             Sans/B/OT:script=latn;language=dflt;mapping=tex-text;"
(fontspec)             - 'bold small caps'  (b/sc) with NFSS spec.: <->"Noto
(fontspec)             Sans/B/OT:script=latn;language=dflt;+smcp;mapping=tex-te
xt;"
(fontspec)             - 'italic' (m/it) with NFSS spec.: <->"Noto
(fontspec)             Sans/I/OT:script=latn;language=dflt;mapping=tex-text;"
(fontspec)             - 'italic small caps'  (m/scit) with NFSS spec.:
(fontspec)             <->"Noto
(fontspec)             Sans/I/OT:script=latn;language=dflt;+smcp;mapping=tex-te
xt;"
(fontspec)             - 'bold italic' (b/it) with NFSS spec.: <->"Noto
(fontspec)             Sans/BI/OT:script=latn;language=dflt;mapping=tex-text;"
(fontspec)             - 'bold italic small caps'  (b/scit) with NFSS spec.:
(fontspec)             <->"Noto
(fontspec)             Sans/BI/OT:script=latn;language=dflt;+smcp;mapping=tex-t
ext;"


Package fontspec Info: 
(fontspec)             Font family 'NotoSans(1)' created for font 'Noto Sans'
(fontspec)             with options [Ligatures=TeX].
(fontspec)              
(fontspec)              This font family consists of the following NFSS
(fontspec)             series/shapes:
(fontspec)              
(fontspec)             - 'normal' (m/n) with NFSS spec.: <->"Noto
(fontspec)             Sans/OT:script=latn;language=dflt;mapping=tex-text;"
(fontspec)             - 'small caps'  (m/sc) with NFSS spec.: <->"Noto
(fontspec)             Sans/OT:script=latn;language=dflt;+smcp;mapping=tex-text
;"
(fontspec)             - 'bold' (b/n) with NFSS spec.: <->"Noto
(fontspec)             Sans/B/OT:script=latn;language=dflt;mapping=tex-text;"
(fontspec)             - 'bold small caps'  (b/sc) with NFSS spec.: <->"Noto
(fontspec)             Sans/B/OT:script=latn;language=dflt;+smcp;mapping=tex-te
xt;"
(fontspec)             - 'italic' (m/it) with NFSS spec.: <->"Noto
(fontspec)             Sans/I/OT:script=latn;language=dflt;mapping=tex-text;"
(fontspec)             - 'italic small caps'  (m/scit) with NFSS spec.:
(fontspec)             <->"Noto
(fontspec)             Sans/I/OT:script=latn;language=dflt;+smcp;mapping=tex-te
xt;"
(fontspec)             - 'bold italic' (b/it) with NFSS spec.: <->"Noto
(fontspec)             Sans/BI/OT:script=latn;language=dflt;mapping=tex-text;"
(fontspec)             - 'bold italic small caps'  (b/scit) with NFSS spec.:
(fontspec)             <->"Noto
(fontspec)             Sans/BI/OT:script=latn;language=dflt;+smcp;mapping=tex-t
ext;"

LaTeX Font Info:    Overwriting math alphabet `\mathrm' in version `normal'
(Font)                  TU/XITSMath(1)/m/n --> TU/NotoSans(1)/m/n on input line
 80.
LaTeX Font Info:    Overwriting math alphabet `\mathit' in version `normal'
(Font)                  OT1/cmr/m/it --> TU/NotoSans(1)/m/it on input line 80.
LaTeX Font Info:    Overwriting math alphabet `\mathbf' in version `normal'
(Font)                  OT1/cmr/bx/n --> TU/NotoSans(1)/b/n on input line 80.

Package fontspec Info: 
(fontspec)             Font family 'NotoSerif(0)' created for font 'Noto
(fontspec)             Serif' with options [Ligatures=TeX,Ligatures=TeX].
(fontspec)              
(fontspec)              This font family consists of the following NFSS
(fontspec)             series/shapes:
(fontspec)              
(fontspec)             - 'normal' (m/n) with NFSS spec.: <->"Noto
(fontspec)             Serif/OT:script=latn;language=dflt;mapping=tex-text;"
(fontspec)             - 'small caps'  (m/sc) with NFSS spec.: <->"Noto
(fontspec)             Serif/OT:script=latn;language=dflt;+smcp;mapping=tex-tex
t;"
(fontspec)             - 'bold' (b/n) with NFSS spec.: <->"Noto
(fontspec)             Serif/B/OT:script=latn;language=dflt;mapping=tex-text;"
(fontspec)             - 'bold small caps'  (b/sc) with NFSS spec.: <->"Noto
(fontspec)             Serif/B/OT:script=latn;language=dflt;+smcp;mapping=tex-t
ext;"
(fontspec)             - 'italic' (m/it) with NFSS spec.: <->"Noto
(fontspec)             Serif/I/OT:script=latn;language=dflt;mapping=tex-text;"
(fontspec)             - 'italic small caps'  (m/scit) with NFSS spec.:
(fontspec)             <->"Noto
(fontspec)             Serif/I/OT:script=latn;language=dflt;+smcp;mapping=tex-t
ext;"
(fontspec)             - 'bold italic' (b/it) with NFSS spec.: <->"Noto
(fontspec)             Serif/BI/OT:script=latn;language=dflt;mapping=tex-text;"

(fontspec)             - 'bold italic small caps'  (b/scit) with NFSS spec.:
(fontspec)             <->"Noto
(fontspec)             Serif/BI/OT:script=latn;language=dflt;+smcp;mapping=tex-
text;"


Package fontspec Info: 
(fontspec)             Font family 'NotoSerif(1)' created for font 'Noto
(fontspec)             Serif' with options [Ligatures=TeX].
(fontspec)              
(fontspec)              This font family consists of the following NFSS
(fontspec)             series/shapes:
(fontspec)              
(fontspec)             - 'normal' (m/n) with NFSS spec.: <->"Noto
(fontspec)             Serif/OT:script=latn;language=dflt;mapping=tex-text;"
(fontspec)             - 'small caps'  (m/sc) with NFSS spec.: <->"Noto
(fontspec)             Serif/OT:script=latn;language=dflt;+smcp;mapping=tex-tex
t;"
(fontspec)             - 'bold' (b/n) with NFSS spec.: <->"Noto
(fontspec)             Serif/B/OT:script=latn;language=dflt;mapping=tex-text;"
(fontspec)             - 'bold small caps'  (b/sc) with NFSS spec.: <->"Noto
(fontspec)             Serif/B/OT:script=latn;language=dflt;+smcp;mapping=tex-t
ext;"
(fontspec)             - 'italic' (m/it) with NFSS spec.: <->"Noto
(fontspec)             Serif/I/OT:script=latn;language=dflt;mapping=tex-text;"
(fontspec)             - 'italic small caps'  (m/scit) with NFSS spec.:
(fontspec)             <->"Noto
(fontspec)             Serif/I/OT:script=latn;language=dflt;+smcp;mapping=tex-t
ext;"
(fontspec)             - 'bold italic' (b/it) with NFSS spec.: <->"Noto
(fontspec)             Serif/BI/OT:script=latn;language=dflt;mapping=tex-text;"

(fontspec)             - 'bold italic small caps'  (b/scit) with NFSS spec.:
(fontspec)             <->"Noto
(fontspec)             Serif/BI/OT:script=latn;language=dflt;+smcp;mapping=tex-
text;"

LaTeX Font Info:    Overwriting math alphabet `\mathsf' in version `normal'
(Font)                  OT1/cmss/m/n --> TU/NotoSerif(1)/m/n on input line 81.
LaTeX Font Info:    Overwriting math alphabet `\mathsf' in version `bold'
(Font)                  OT1/cmss/bx/n --> TU/NotoSerif(1)/b/n on input line 81.


Package fontspec Info: 
(fontspec)             Could not resolve font "Noto Sans Mono/I" (it probably
(fontspec)             doesn't exist).


Package fontspec Info: 
(fontspec)             Font family 'NotoSansMono(0)' created for font 'Noto
(fontspec)             Sans Mono' with options
(fontspec)             [WordSpace={1,0,0},HyphenChar=None,PunctuationSpace=Word
Space,Ligatures=TeX].
(fontspec)              
(fontspec)              This font family consists of the following NFSS
(fontspec)             series/shapes:
(fontspec)              
(fontspec)             - 'normal' (m/n) with NFSS spec.: <->"Noto Sans
(fontspec)             Mono/OT:language=dflt;mapping=tex-text;"
(fontspec)             - 'bold' (b/n) with NFSS spec.: <->"Noto Sans
(fontspec)             Mono/B/OT:language=dflt;mapping=tex-text;"
(fontspec)             - 'bold small caps'  (b/sc) with NFSS spec.: <->"Noto
(fontspec)             Sans Mono/B/OT:language=dflt;+smcp;mapping=tex-text;"
(fontspec)             and font adjustment code:
(fontspec)             \fontdimen 2\font =1\fontdimen 2\font \fontdimen 3\font
(fontspec)             =0\fontdimen 3\font \fontdimen 4\font =0\fontdimen
(fontspec)             4\font \fontdimen 7\font =0\fontdimen 2\font
(fontspec)             \tex_hyphenchar:D \font =-1\scan_stop: 
(fontspec)             - 'bold italic' (b/it) with NFSS spec.: <->"Noto Sans
(fontspec)             Mono/BI/OT:language=dflt;mapping=tex-text;"
(fontspec)             - 'bold italic small caps'  (b/scit) with NFSS spec.:
(fontspec)             <->"Noto Sans
(fontspec)             Mono/BI/OT:language=dflt;+smcp;mapping=tex-text;"
(fontspec)             and font adjustment code:
(fontspec)             \fontdimen 2\font =1\fontdimen 2\font \fontdimen 3\font
(fontspec)             =0\fontdimen 3\font \fontdimen 4\font =0\fontdimen
(fontspec)             4\font \fontdimen 7\font =0\fontdimen 2\font
(fontspec)             \tex_hyphenchar:D \font =-1\scan_stop: 


Package fontspec Info: 
(fontspec)             Could not resolve font "Noto Sans Mono/I" (it probably
(fontspec)             doesn't exist).


Package fontspec Info: 
(fontspec)             Font family 'NotoSansMono(1)' created for font 'Noto
(fontspec)             Sans Mono' with options [Ligatures=TeX].
(fontspec)              
(fontspec)              This font family consists of the following NFSS
(fontspec)             series/shapes:
(fontspec)              
(fontspec)             - 'normal' (m/n) with NFSS spec.: <->"Noto Sans
(fontspec)             Mono/OT:language=dflt;mapping=tex-text;"
(fontspec)             - 'bold' (b/n) with NFSS spec.: <->"Noto Sans
(fontspec)             Mono/B/OT:language=dflt;mapping=tex-text;"
(fontspec)             - 'bold small caps'  (b/sc) with NFSS spec.: <->"Noto
(fontspec)             Sans Mono/B/OT:language=dflt;+smcp;mapping=tex-text;"
(fontspec)             - 'bold italic' (b/it) with NFSS spec.: <->"Noto Sans
(fontspec)             Mono/BI/OT:language=dflt;mapping=tex-text;"
(fontspec)             - 'bold italic small caps'  (b/scit) with NFSS spec.:
(fontspec)             <->"Noto Sans
(fontspec)             Mono/BI/OT:language=dflt;+smcp;mapping=tex-text;"

LaTeX Font Info:    Overwriting math alphabet `\mathtt' in version `normal'
(Font)                  OT1/cmtt/m/n --> TU/NotoSansMono(1)/m/n on input line 8
2.
LaTeX Font Info:    Overwriting math alphabet `\mathtt' in version `bold'
(Font)                  OT1/cmtt/m/n --> TU/NotoSansMono(1)/b/n on input line 8
2.

Package fontspec Info: 
(fontspec)             Could not resolve font "Noto Sans CJK TC/I" (it
(fontspec)             probably doesn't exist).


Package fontspec Info: 
(fontspec)             Font family 'NotoSansCJKTC(0)' created for font 'Noto
(fontspec)             Sans CJK TC' with options
(fontspec)             [Script={CJK},Ligatures={TeX}].
(fontspec)              
(fontspec)              This font family consists of the following NFSS
(fontspec)             series/shapes:
(fontspec)              
(fontspec)             - 'normal' (m/n) with NFSS spec.: <->"Noto Sans CJK
(fontspec)             TC/OT:script=hani;language=dflt;mapping=tex-text;"
(fontspec)             - 'bold' (b/n) with NFSS spec.: <->"Noto Sans CJK
(fontspec)             TC/B/OT:script=hani;language=dflt;mapping=tex-text;"
(fontspec)             - 'bold italic' (b/it) with NFSS spec.: <->"Noto Sans
(fontspec)             CJK
(fontspec)             TC/BI/OT:script=hani;language=dflt;mapping=tex-text;"

\c@theorem=\count533
\c@lemma=\count534

Package array Warning: Redefining primitive column m on input line 613.

\c@subsubparagraph=\count535
) (/home/willie/texmf/tex/latex/physics-patch/physics-patch.sty
Package: physics-patch Version 4.0, Mar 30, 2025, Improved version of the physi
cs package
)
Package csquotes Info: Checking for multilingual support...
Package csquotes Info: ... none found.
Package translations Info: No language package found. I am going to use `englis
h' as default language. on input line 9.
 (./遺傳學.aux)
\openout1 = `遺傳學.aux'.

LaTeX Font Info:    Checking defaults for OML/cmm/m/it on input line 9.
LaTeX Font Info:    ... okay on input line 9.
LaTeX Font Info:    Checking defaults for OMS/cmsy/m/n on input line 9.
LaTeX Font Info:    ... okay on input line 9.
LaTeX Font Info:    Checking defaults for OT1/cmr/m/n on input line 9.
LaTeX Font Info:    ... okay on input line 9.
LaTeX Font Info:    Checking defaults for T1/cmr/m/n on input line 9.
LaTeX Font Info:    ... okay on input line 9.
LaTeX Font Info:    Checking defaults for TS1/cmr/m/n on input line 9.
LaTeX Font Info:    ... okay on input line 9.
LaTeX Font Info:    Checking defaults for TU/lmr/m/n on input line 9.
LaTeX Font Info:    ... okay on input line 9.
LaTeX Font Info:    Checking defaults for OMX/cmex/m/n on input line 9.
LaTeX Font Info:    ... okay on input line 9.
LaTeX Font Info:    Checking defaults for U/cmr/m/n on input line 9.
LaTeX Font Info:    ... okay on input line 9.
LaTeX Font Info:    Checking defaults for T3/cmr/m/n on input line 9.
LaTeX Font Info:    ... okay on input line 9.
LaTeX Font Info:    Checking defaults for LGR/cmr/m/n on input line 9.
LaTeX Font Info:    Trying to load font information for LGR+cmr on input line 9
.

(/usr/share/texlive/texmf-dist/tex/latex/cbfonts-fd/lgrcmr.fd
File: lgrcmr.fd 2017/07/29 v1.2 Greek European Computer Regular
)
LaTeX Font Info:    ... okay on input line 9.
LaTeX Font Info:    Checking defaults for LY/yfrak/m/n on input line 9.
LaTeX Font Info:    ... okay on input line 9.
LaTeX Font Info:    Checking defaults for LYG/ygoth/m/n on input line 9.
LaTeX Font Info:    ... okay on input line 9.
LaTeX Font Info:    Checking defaults for PD1/pdf/m/n on input line 9.
LaTeX Font Info:    ... okay on input line 9.
LaTeX Font Info:    Checking defaults for PU/pdf/m/n on input line 9.
LaTeX Font Info:    ... okay on input line 9.

*geometry* driver: auto-detecting
*geometry* detected driver: xetex
*geometry* verbose mode - [ preamble ] result:
* driver: xetex
* paper: a4paper
* layout: <same size as paper>
* layoutoffset:(h,v)=(0.0pt,0.0pt)
* modes: 
* h-part:(L,W,R)=(36.13512pt, 525.23764pt, 36.13512pt)
* v-part:(T,H,B)=(36.13512pt, 772.77661pt, 36.13512pt)
* \paperwidth=597.50787pt
* \paperheight=845.04684pt
* \textwidth=525.23764pt
* \textheight=772.77661pt
* \oddsidemargin=-36.13487pt
* \evensidemargin=-36.13487pt
* \topmargin=-73.13487pt
* \headheight=12.0pt
* \headsep=25.0pt
* \topskip=12.0pt
* \footskip=21.90874pt
* \marginparwidth=35.0pt
* \marginparsep=10.0pt
* \columnsep=10.0pt
* \skip\footins=10.8pt plus 4.0pt minus 2.0pt
* \hoffset=0.0pt
* \voffset=0.0pt
* \mag=1000
* \@twocolumnfalse
* \@twosidefalse
* \@mparswitchfalse
* \@reversemarginfalse
* (1in=72.27pt=25.4mm, 1cm=28.453pt)

Package caption Info: Begin \AtBeginDocument code.
Package caption Info: float package is loaded.
Package caption Info: hyperref package is loaded.
Package caption Info: listings package is loaded.
Package caption Info: longtable package is loaded.
(/usr/share/texlive/texmf-dist/tex/latex/caption/ltcaption.sty
Package: ltcaption 2021/01/08 v1.4c longtable captions (AR)
)
Package caption Info: End \AtBeginDocument code.
\c__nicematrix_shift_Ldots_last_row_dim=\dimen506
\c__nicematrix_innersep_middle_dim=\dimen507
\c@tabularnotesi=\count536
\enitdp@tabularnotes=\count537
\c@tabularnotes*i=\count538
\enitdp@tabularnotes*=\count539


Package tabu Warning: Package cellspace has some limitations 
(tabu)                And redefines some macros of array.sty. 
(tabu)                Please use \tabulinesep to control 
(tabu)                vertical spacing of lines inside tabu environnement on in
put line 9.

\c@lstlisting=\count540
(/usr/share/texlive/texmf-dist/tex/latex/base/inputenc.sty
Package: inputenc 2024/02/08 v1.3d Input encoding file
\inpenc@prehook=\toks72
\inpenc@posthook=\toks73
)
(/usr/share/texlive/texmf-dist/tex/latex/pdflscape/pdflscape.sty
Package: pdflscape 2025-06-23 v0.14 Display of landscape pages in PDF

(/usr/share/texlive/texmf-dist/tex/latex/pdflscape/pdflscape-nometadata.sty
Package: pdflscape-nometadata 2025-06-23 v0.14 Display of landscape pages in PD
F (HO)

(/usr/share/texlive/texmf-dist/tex/latex/graphics/lscape.sty
Package: lscape 2020/05/28 v3.02 Landscape Pages (DPC)
)
Package pdflscape Info: Auto-detected driver: dvipdfm (xetex) on input line 98.

))
Package pgfplots notification 'compat/show suggested version=true': document ha
s been generated with the most recent feature set (\pgfplotsset{compat=1.18}).


(/usr/share/texlive/texmf-dist/tex/latex/translations/translations-basic-dictio
nary-english.trsl
File: translations-basic-dictionary-english.trsl (english translation file `tra
nslations-basic-dictionary')
)
Package translations Info: loading dictionary `translations-basic-dictionary' f
or `english'. on input line 9.

Package chemgreek Info: Activating mapping `default' on line 9.

Package hyperref Info: Link coloring OFF on input line 9.
\@outlinefile=\write5
\openout5 = `遺傳學.out'.



Package hyperref Warning: Rerun to get /PageLabels entry.


Package unicode-math Warning: Using \overbracket and \underbracket from
(unicode-math)                `mathtools' package.
(unicode-math)                 
(unicode-math)                 Use \Uoverbracket and \Uunderbracket for
(unicode-math)                original `unicode-math' definition.


Package unicode-math Warning: I'm going to overwrite the following commands
(unicode-math)                from the `mathtools' package: 
(unicode-math)                 
(unicode-math)                     \dblcolon, \coloneqq, \Coloneqq, \eqqcolon.
(unicode-math)                
(unicode-math)                 
(unicode-math)                 Note that since I won't overwrite the other
(unicode-math)                colon-like commands, using them will lead to
(unicode-math)                inconsistencies.


Package siunitx Warning: Detected the "physics" package:
(siunitx)                omitting definition of \qty.
(siunitx)                
(siunitx)                If you want to use \qty with the siunitx definition,
(siunitx)                add 
(siunitx)                
(siunitx)                    \AtBeginDocument{\RenewCommandCopy\qty\SI}
(siunitx)                
(siunitx)                to your preamble.


Package siunitx Warning: Tabular column type "S" overwritten with siunitx
(siunitx)                definition.

[1

]
No file 遺傳學.toc.
\tf@toc=\write6
\openout6 = `遺傳學.toc'.

[1

]
Package marginnote Info: Using workaround for absolute page number on input lin
e 13.

Chapter 第\zhnumberwithoptions {style={Traditional,Normal}}{1}章.

Package hyperref Warning: Token not allowed in a PDF string (Unicode):
(hyperref)                removing `\zhnumberwithoptions' on input line 14.


Package hyperref Warning: Token not allowed in a PDF string (Unicode):
(hyperref)                removing `\zhnumberwithoptions' on input line 15.

LaTeX Font Info:    Font shape `TU/XITSMath(2)/m/n' will be
(Font)              scaled to size 12.00128pt on input line 24.
LaTeX Font Info:    Font shape `TU/XITSMath(2)/m/n' will be
(Font)              scaled to size 9.00096pt on input line 24.
LaTeX Font Info:    Font shape `TU/XITSMath(2)/m/n' will be
(Font)              scaled to size 7.20076pt on input line 24.
LaTeX Font Info:    Font shape `TU/XITSMath(3)/m/n' will be
(Font)              scaled to size 11.99872pt on input line 24.
LaTeX Font Info:    Font shape `TU/XITSMath(3)/m/n' will be
(Font)              scaled to size 8.99904pt on input line 24.
LaTeX Font Info:    Font shape `TU/XITSMath(3)/m/n' will be
(Font)              scaled to size 7.19922pt on input line 24.
LaTeX Font Info:    Trying to load font information for U+msa on input line 24.

(/usr/share/texlive/texmf-dist/tex/latex/amsfonts/umsa.fd
File: umsa.fd 2013/01/14 v3.01 AMS symbols A
)
LaTeX Font Info:    Trying to load font information for U+msb on input line 24.


(/usr/share/texlive/texmf-dist/tex/latex/amsfonts/umsb.fd
File: umsb.fd 2013/01/14 v3.01 AMS symbols B
)
LaTeX Font Info:    Trying to load font information for U+esint on input line 2
4.

(/usr/share/texlive/texmf-dist/tex/latex/esint/uesint.fd
File: uesint.fd 
)
LaTeX Font Info:    Trying to load font information for U+rsfs on input line 24
.

(/usr/share/texlive/texmf-dist/tex/latex/jknapltx/ursfs.fd
File: ursfs.fd 1998/03/24 rsfs font definition file (jk)
)
LaTeX Font Info:    Trying to load font information for U+stmry on input line 2
4.

(/usr/share/texlive/texmf-dist/tex/latex/stmaryrd/Ustmry.fd)
LaTeX Font Info:    Trying to load font information for U+wasy on input line 24
.

(/usr/share/texlive/texmf-dist/tex/latex/wasysym/uwasy.fd
File: uwasy.fd 2020/01/19 v2.4 Wasy-2 symbol font definitions
)

Package hyperref Warning: Token not allowed in a PDF string (Unicode):
(hyperref)                removing `\zhnumberwithoptions' on input line 34.


Package hyperref Warning: Token not allowed in a PDF string (Unicode):
(hyperref)                removing `\zhnumberwithoptions' on input line 35.

[1

]
Package marginnote Info: Using workaround for absolute page number on input lin
e 38.


Package hyperref Warning: Token not allowed in a PDF string (Unicode):
(hyperref)                removing `\zhnumberwithoptions' on input line 52.


Package hyperref Warning: Token not allowed in a PDF string (Unicode):
(hyperref)                removing `\zhnumberwithoptions' on input line 61.

[2]

Package hyperref Warning: Token not allowed in a PDF string (Unicode):
(hyperref)                removing `\zhnumberwithoptions' on input line 69.


Package hyperref Warning: Token not allowed in a PDF string (Unicode):
(hyperref)                removing `\zhnumberwithoptions' on input line 70.


Package hyperref Warning: Token not allowed in a PDF string (Unicode):
(hyperref)                removing `\zhnumberwithoptions' on input line 75.


Package hyperref Warning: Token not allowed in a PDF string (Unicode):
(hyperref)                removing `\zhnumberwithoptions' on input line 77.


Package hyperref Warning: Token not allowed in a PDF string (Unicode):
(hyperref)                removing `\zhnumberwithoptions' on input line 79.

[3]

Package hyperref Warning: Token not allowed in a PDF string (Unicode):
(hyperref)                removing `\zhnumberwithoptions' on input line 89.


Package hyperref Warning: Token not allowed in a PDF string (Unicode):
(hyperref)                removing `\zhnumberwithoptions' on input line 90.


Package hyperref Warning: Token not allowed in a PDF string (Unicode):
(hyperref)                removing `\zhnumberwithoptions' on input line 92.


Package hyperref Warning: Token not allowed in a PDF string (Unicode):
(hyperref)                removing `\zhnumberwithoptions' on input line 94.


Package hyperref Warning: Token not allowed in a PDF string (Unicode):
(hyperref)                removing `\zhnumberwithoptions' on input line 96.


Package hyperref Warning: Token not allowed in a PDF string (Unicode):
(hyperref)                removing `\zhnumberwithoptions' on input line 98.


Package hyperref Warning: Token not allowed in a PDF string (Unicode):
(hyperref)                removing `\zhnumberwithoptions' on input line 100.


Package hyperref Warning: Token not allowed in a PDF string (Unicode):
(hyperref)                removing `\zhnumberwithoptions' on input line 102.

[4]

Package hyperref Warning: Token not allowed in a PDF string (Unicode):
(hyperref)                removing `\zhnumberwithoptions' on input line 108.


Package hyperref Warning: Token not allowed in a PDF string (Unicode):
(hyperref)                removing `\zhnumberwithoptions' on input line 109.


Package hyperref Warning: Token not allowed in a PDF string (Unicode):
(hyperref)                removing `\zhnumberwithoptions' on input line 110.


Package hyperref Warning: Token not allowed in a PDF string (Unicode):
(hyperref)                removing `\zhnumberwithoptions' on input line 112.


Package hyperref Warning: Token not allowed in a PDF string (Unicode):
(hyperref)                removing `\zhnumberwithoptions' on input line 114.


Package hyperref Warning: Token not allowed in a PDF string (Unicode):
(hyperref)                removing `\zhnumberwithoptions' on input line 116.


Package hyperref Warning: Token not allowed in a PDF string (Unicode):
(hyperref)                removing `\zhnumberwithoptions' on input line 117.


Package hyperref Warning: Token not allowed in a PDF string (Unicode):
(hyperref)                removing `\zhnumberwithoptions' on input line 119.


Package hyperref Warning: Token not allowed in a PDF string (Unicode):
(hyperref)                removing `\zhnumberwithoptions' on input line 121.


Package hyperref Warning: Token not allowed in a PDF string (Unicode):
(hyperref)                removing `\zhnumberwithoptions' on input line 123.


Package hyperref Warning: Token not allowed in a PDF string (Unicode):
(hyperref)                removing `\zhnumberwithoptions' on input line 124.


Package hyperref Warning: Token not allowed in a PDF string (Unicode):
(hyperref)                removing `\zhnumberwithoptions' on input line 126.


Package hyperref Warning: Token not allowed in a PDF string (Unicode):
(hyperref)                removing `\zhnumberwithoptions' on input line 128.


Package hyperref Warning: Token not allowed in a PDF string (Unicode):
(hyperref)                removing `\zhnumberwithoptions' on input line 129.

[5]

Package hyperref Warning: Token not allowed in a PDF string (Unicode):
(hyperref)                removing `\zhnumberwithoptions' on input line 131.


Package hyperref Warning: Token not allowed in a PDF string (Unicode):
(hyperref)                removing `\zhnumberwithoptions' on input line 133.


Package hyperref Warning: Token not allowed in a PDF string (Unicode):
(hyperref)                removing `\zhnumberwithoptions' on input line 135.


Package hyperref Warning: Token not allowed in a PDF string (Unicode):
(hyperref)                removing `\zhnumberwithoptions' on input line 137.


! LaTeX Error: \begin{enumerate} on input line 138 ended by \end{center}.

See the LaTeX manual or LaTeX Companion for explanation.
Type  H <return>  for immediate help.
 ...                                              
                                                  
l.147 \end{center}
                  
Your command was ignored.
Type  I <command> <return>  to replace it with another command,
or  <return>  to continue without it.

 
Here is how much of TeX's memory you used:
 91414 strings out of 468173
 2289982 string characters out of 5435520
 3237253 words of memory out of 5000000
 118956 multiletter control sequences out of 15000+600000
 635827 words of font info for 141 fonts, out of 8000000 for 9000
 1348 hyphenation exceptions out of 8191
 96i,7n,110p,1192b,2982s stack positions out of 10000i,1000n,20000p,200000b,200000s
Output written on 遺傳學.xdv (7 pages, 88172 bytes).
